rank,current_price,previous_close,return_1d,return_5d,return_20d,ma20,ma50,ma200,rsi14,macd,macd_signal,macd_hist,macd_hist_prev,atr14,atr_pct,volume,volume_avg20,volume_ratio,cmf20,obv,high20,high60,high252,low20,low60,valid,exclude_reason,stop_loss,target1,target2,expected_return_1,expected_return_2,downside_risk,risk_reward,vcp_score,vcp_contractions,vcp_contraction_depths,vcp_volume_dryup,vcp_atr_compression,pivot_price,dist_to_pivot_pct,vcp_status,weekly_trend_ok,weekly_ma30,weekly_trend_reason,regime_state,regime_score,regime_message,trend_score,volume_score,momentum_score,macd_score,position_score,risk_reward_score,risk_penalty,base_score,final_score,decision,earnings_in_window,next_earnings_date,earnings_unknown,data_quality_flag,data_quality_reasons,zero_volume_ratio,stale_price_ratio,rows_after_quality,risk_reward_status_code,risk_reward_status_label,risk_reward_message,risk_reward_detail,chart_type,rs_rank,expected_r,valid_signal,signal_date,is_sample_data,evidence_points,risk_points,summary,ticker,market_region,universe_mode,name,market,sector,source,market_regime,market_comment,market_return_5d,market_above_ma20,market_above_ma60,market_above_ma200,prev_close,last_open,last_close,last_day_return,open_gap,intraday_return,distance_from_ma20,distance_from_ma60,chase_risk_warning,score,adjusted_score,chart_type_penalty,quality_penalty,data_source,data_quality,data_warning,passed_liquidity_filter,liquidity_warning,filter_reason,avg_dollar_volume_20d,passed_risk_reward_filter,risk_reward_warning,force_inflow_pct,force_inflow_source,force_inflow_grade,fi_cmf20,fi_obv_slope,fi_vol_asym,fi_accum_bar_ratio,fi_box_breakout,force_position,position_multiplier,price_percentile_252,force_penalty,force_sequence,chart_score,composite_score,composite_source,selection_reason,caution,consecutive_recommendation_days,recommended_count_last_5_sessions,consecutive_recommendation_comment,sector_count_in_top5,sector_concentration_warning
1,187.18,198.39999389648438,-5.66,-3.51,15.59,180.76,163.22,127.51,57.04,8.89,8.74,0.15,0.9754298216652177,9.7,5.18,9252800.0,11329560.0,0.82,0.11763123365031335,134528800.0,199.38,199.38,199.3800048828125,168.26,102.79,True,점수 기준 미달,180.76,199.38,211.43,6.52,12.96,3.55,1.84,53.07,2,"[27.22, 31.48, 23.51]",0.839,1.107,209.5,11.92,베이스 형성,True,127.97,주봉 상승 추세,risk_on,1.0,주요 지수가 단기 이동평균선 위에 있어 시장 분위기는 우호적입니다.,30,3,15,6,5,6,0,65,66,관심 후보,False,,True,good,,0.0,0.0,501,normal,무난,손익비는 무난한 편입니다.,목표가와 손절가의 균형이 보통 수준입니다.,VCP 베이스 형성,71.62,,True,2026-07-10,False,"['현재가가 20일선과 50일선 위에 있어 단기 추세가 양호합니다.', '20일 이동평균선이 50일 이동평균선 위에 있어 상승 추세가 유지되고 있습니다.', 'RSI가 45~65 구간에 있어 과열 부담이 크지 않습니다.', 'MACD가 시그널선 위에 있어 모멘텀이 개선되고 있습니다.', '손익비가 1.5 이상으로 단기 관찰 조건이 비교적 양호합니다.']",['거래량이 20일 평균보다 낮아 돌파 신뢰도가 약할 수 있습니다.'],"VCP base 유형이며 점수는 66점, 손익비는 1.84입니다.",CRWD,us,combined,CrowdStrike,,Information Technology,nasdaq100;sp500,상승 우위,주요 지수가 단기 이동평균선 위에 있어 시장 분위기는 우호적입니다.,1.59,True,True,True,198.4,196.6,187.18,-5.66,-0.91,-4.79,3.55,14.68,,66.0,68.0,2.0,0.0,real,good,,True,,,2041460033.1,True,,54.8,proxy,neutral,0.12,0.56,1.31,0.0,0.0,neutral,1.0,89.09,0.0,7.5,68.0,62.7,blend,RSI가 과열 구간은 아닙니다. 손절가 대비 목표가의 손익비가 양호합니다. 현재가가 20일선 위에 있어 단기 추세가 양호합니다.,손익비는 무난한 편입니다.,0,0,,2,
2,168.87,171.20999145507812,-1.37,9.87,5.43,159.25,145.29,116.44,64.46,4.94,4.63,0.31,0.113339633084375,6.46,3.83,3303000.0,3182670.0,1.04,0.21674904360491346,21833900.0,171.21,180.53,180.5316925048828,151.99,100.03,True,손익비 부족,159.25,171.21,180.53,1.39,6.91,6.04,0.23,64.46,2,"[18.05, 39.89, 15.91]",0.913,0.813,171.45,1.53,베이스 형성,True,118.77,주봉 상승 추세,risk_on,1.0,주요 지수가 단기 이동평균선 위에 있어 시장 분위기는 우호적입니다.,30,6,20,10,9,-5,0,70,73,관심 후보,False,,True,good,,0.0,0.0,501,poor,부적합,기대 수익보다 손실 위험이 더 큽니다.,손익비가 1.0 미만이라 후보 적합성이 낮습니다.,VCP 베이스 형성,88.61,,True,2026-07-10,False,"['현재가가 20일선과 50일선 위에 있어 단기 추세가 양호합니다.', '20일 이동평균선이 50일 이동평균선 위에 있어 상승 추세가 유지되고 있습니다.', 'RSI가 45~65 구간에 있어 과열 부담이 크지 않습니다.', '현재 거래량이 20일 평균 이상이거나 비슷한 수준이라 신호의 신뢰도를 보강합니다.', 'MACD가 시그널선 위에 있어 모멘텀이 개선되고 있습니다.']",['손익비가 1.2 미만이라 매매 조건의 질이 낮습니다.'],"VCP base 유형이며 점수는 73점, 손익비는 0.23입니다.",NTAP,us,combined,NetApp,,Information Technology,sp500,상승 우위,주요 지수가 단기 이동평균선 위에 있어 시장 분위기는 우호적입니다.,1.59,True,True,True,171.21,170.92,168.87,-1.37,-0.17,-1.2,6.04,16.23,,73.0,75.0,2.0,0.0,real,good,,True,,,509093069.09,False,손익비 기준 미달: 0.23 < 1.20,43.7,proxy,neutral,0.22,-0.07,1.43,0.05,0.0,neutral,1.0,86.62,0.0,5.0,75.0,62.5,blend,거래량이 충분합니다. RSI가 과열 구간은 아닙니다. 현재가가 20일선 위에 있어 단기 추세가 양호합니다.,기대 수익보다 손실 위험이 더 큽니다.,0,0,,2,
3,68.27,76.55999755859375,-10.83,-14.41,48.45,65.64,55.16,42.38,54.83,6.38,6.08,0.31,1.1779366333662846,6.09,8.92,9159000.0,10235935.0,0.89,0.09061899597714966,23642500.0,81.8,81.8,81.80000305175781,49.64,45.37,True,점수 기준 미달,65.64,77.41,81.8,13.39,19.82,4.01,3.34,45.0,2,"[26.56, 17.26, 45.91]",1.316,1.15,85.6,25.38,베이스 형성,True,49.38,주봉 상승 추세,risk_on,1.0,주요 지수가 단기 이동평균선 위에 있어 시장 분위기는 우호적입니다.,30,3,15,6,5,10,-5,64,65,관심 후보,False,,True,good,,0.0,0.0,501,good,양호,목표 수익 대비 손실 위험이 상대적으로 작습니다.,손익비 기준으로는 우호적인 후보입니다.,VCP 베이스 형성,82.05,,True,2026-07-10,False,"['현재가가 20일선과 50일선 위에 있어 단기 추세가 양호합니다.', '20일 이동평균선이 50일 이동평균선 위에 있어 상승 추세가 유지되고 있습니다.', 'RSI가 45~65 구간에 있어 과열 부담이 크지 않습니다.', 'MACD가 시그널선 위에 있어 모멘텀이 개선되고 있습니다.', '손익비가 1.5 이상으로 단기 관찰 조건이 비교적 양호합니다.']","['거래량이 20일 평균보다 낮아 돌파 신뢰도가 약할 수 있습니다.', 'ATR 비율이 높아 변동성이 크고 손절 관리 부담이 있습니다.']","VCP base 유형이며 점수는 65점, 손익비는 3.34입니다.",MRNA,us,combined,Moderna,,Health Care,sp500,상승 우위,주요 지수가 단기 이동평균선 위에 있어 시장 분위기는 우호적입니다.,1.59,True,True,True,76.56,76.72,68.27,-10.83,0.21,-11.02,4.01,23.78,,65.0,67.0,2.0,0.0,real,good,,True,,,683237030.53,True,,43.9,proxy,neutral,0.09,0.55,1.32,0.1,0.0,neutral,1.0,77.24,0.0,2.5,67.0,57.8,blend,RSI가 과열 구간은 아닙니다. 손절가 대비 목표가의 손익비가 양호합니다. 현재가가 20일선 위에 있어 단기 추세가 양호합니다.,목표 수익 대비 손실 위험이 상대적으로 작습니다.,0,0,,1,
4,272.52,272.6499938964844,-0.05,2.0,25.71,251.09,244.21,248.6,64.77,8.62,6.42,2.21,2.3860328968067694,10.43,3.83,593100.0,823770.0,0.72,0.1962716222377009,-3655300.0,272.65,272.65,341.3599853515625,222.44,215.54,True,손익비 부족,251.67,272.65,298.59,0.05,9.56,8.29,0.01,0.0,0,[],0.0,0.0,276.9800109863281,0.0,해당없음,True,238.1,주봉 상승 추세,risk_on,1.0,주요 지수가 단기 이동평균선 위에 있어 시장 분위기는 우호적입니다.,30,0,20,6,13,-5,0,64,51,관찰 후보,False,,True,good,,0.0,0.0,501,poor,부적합,기대 수익보다 손실 위험이 더 큽니다.,손익비가 1.0 미만이라 후보 적합성이 낮습니다.,신고가 근접,14.48,,True,2026-07-10,False,"['현재가가 20일선과 50일선 위에 있어 단기 추세가 양호합니다.', '20일 이동평균선이 50일 이동평균선 위에 있어 상승 추세가 유지되고 있습니다.', 'RSI가 45~65 구간에 있어 과열 부담이 크지 않습니다.', 'MACD가 시그널선 위에 있어 모멘텀이 개선되고 있습니다.']","['거래량이 20일 평균보다 낮아 돌파 신뢰도가 약할 수 있습니다.', '손익비가 1.2 미만이라 매매 조건의 질이 낮습니다.']","신고가 근접 유형이며 점수는 51점, 손익비는 0.01입니다.",ZBRA,us,combined,Zebra Technologies,,Information Technology,sp500,상승 우위,주요 지수가 단기 이동평균선 위에 있어 시장 분위기는 우호적입니다.,1.59,True,True,True,272.65,273.82,272.52,-0.05,0.43,-0.47,8.53,11.59,,51.0,53.0,2.0,0.0,real,good,,True,,,205545925.82,False,손익비 기준 미달: 0.01 < 1.20,60.3,proxy,inflow,0.2,0.4,1.42,0.0,0.0,neutral,1.0,51.54,0.0,10.0,53.0,55.9,blend,RSI가 과열 구간은 아닙니다. 현재가가 20일선 위에 있어 단기 추세가 양호합니다.,기대 수익보다 손실 위험이 더 큽니다.,0,0,,2,
5,75.2,74.63999938964844,0.75,0.57,6.42,73.13,70.9,63.73,60.53,1.2,1.09,0.12,0.1302460888295136,1.41,1.88,1277400.0,2364410.0,0.54,0.09934996135992026,39286200.0,75.74,75.74,75.73999786376953,70.07,67.14,True,거래량 부족; 손익비 부족,73.13,75.74,78.74,0.72,4.7,2.84,0.25,62.75,2,"[8.44, 11.93, 8.74]",0.829,0.969,76.39,1.58,베이스 형성,True,67.95,주봉 상승 추세,risk_on,1.0,주요 지수가 단기 이동평균선 위에 있어 시장 분위기는 우호적입니다.,30,0,20,6,12,-5,-5,58,64,관찰 후보,False,,True,good,,0.0,0.0,501,poor,부적합,기대 수익보다 손실 위험이 더 큽니다.,손익비가 1.0 미만이라 후보 적합성이 낮습니다.,VCP 베이스 형성,84.94,,True,2026-07-10,False,"['현재가가 20일선과 50일선 위에 있어 단기 추세가 양호합니다.', '20일 이동평균선이 50일 이동평균선 위에 있어 상승 추세가 유지되고 있습니다.', 'RSI가 45~65 구간에 있어 과열 부담이 크지 않습니다.', 'MACD가 시그널선 위에 있어 모멘텀이 개선되고 있습니다.']","['거래량이 20일 평균보다 낮아 돌파 신뢰도가 약할 수 있습니다.', '손익비가 1.2 미만이라 매매 조건의 질이 낮습니다.']","VCP base 유형이며 점수는 64점, 손익비는 0.25입니다.",EIX,us,combined,Edison International,,Utilities,sp500,상승 우위,주요 지수가 단기 이동평균선 위에 있어 시장 분위기는 우호적입니다.,1.59,True,True,True,74.64,75.11,75.2,0.75,0.63,0.12,2.84,6.07,,64.0,66.0,2.0,0.0,real,good,,True,,,172586789.3,False,손익비 기준 미달: 0.25 < 1.20,38.9,proxy,weak,0.1,0.28,1.33,0.0,0.0,top,0.6,98.07,0.0,12.5,66.0,55.2,blend,RSI가 과열 구간은 아닙니다. 현재가가 20일선 위에 있어 단기 추세가 양호합니다.,기대 수익보다 손실 위험이 더 큽니다.,0,0,,1,
6,62.2,61.150001525878906,1.72,-0.72,3.67,61.28,60.46,55.85,55.18,0.49,0.49,0.0,-0.010449893354753992,1.37,2.2,1544200.0,2776420.0,0.56,0.12366466691209019,-43662763.0,63.6,63.6,63.599998474121094,59.78,58.14,True,거래량 부족,61.28,63.6,65.62,2.25,5.5,1.5,1.5,59.19,1,"[7.97, 9.5, 8.8]",0.756,0.833,64.33,3.43,베이스 형성,True,57.89,주봉 상승 추세,risk_on,1.0,주요 지수가 단기 이동평균선 위에 있어 시장 분위기는 우호적입니다.,30,0,15,10,12,6,-5,68,64,관찰 후보,False,,True,good,,0.0,0.0,501,normal,무난,손익비는 무난한 편입니다.,목표가와 손절가의 균형이 보통 수준입니다.,VCP 베이스 형성,64.48,,True,2026-07-10,False,"['현재가가 20일선과 50일선 위에 있어 단기 추세가 양호합니다.', '20일 이동평균선이 50일 이동평균선 위에 있어 상승 추세가 유지되고 있습니다.', 'RSI가 45~65 구간에 있어 과열 부담이 크지 않습니다.', 'MACD가 시그널선 위에 있어 모멘텀이 개선되고 있습니다.', '손익비가 1.5 이상으로 단기 관찰 조건이 비교적 양호합니다.']",['거래량이 20일 평균보다 낮아 돌파 신뢰도가 약할 수 있습니다.'],"VCP base 유형이며 점수는 64점, 손익비는 1.5입니다.",FTV,us,combined,Fortive,,Industrials,sp500,상승 우위,주요 지수가 단기 이동평균선 위에 있어 시장 분위기는 우호적입니다.,1.59,True,True,True,61.15,61.17,62.2,1.72,0.03,1.68,1.5,2.88,,64.0,66.0,2.0,0.0,real,good,,True,,,170117091.61,True,,38.5,proxy,weak,0.12,0.35,1.2,0.0,0.0,top,0.6,91.89,0.0,12.5,66.0,55.0,blend,RSI가 과열 구간은 아닙니다. 손절가 대비 목표가의 손익비가 양호합니다. 현재가가 20일선 위에 있어 단기 추세가 양호합니다.,손익비는 무난한 편입니다.,0,0,,1,
7,35.25,34.599998474121094,1.88,-0.4,15.88,33.05,32.31,35.38,61.21,0.8,0.55,0.25,0.2293274822685531,1.21,3.42,12957600.0,19572915.0,0.66,0.22679849628628837,-643036400.0,35.39,36.05,56.40999984741211,30.54,28.18,True,거래량 부족; 손익비 부족,33.05,35.39,36.05,0.4,2.27,6.67,0.06,0.0,0,[],0.0,0.0,37.08000183105469,0.0,해당없음,False,35.12,주봉 추세 미충족,risk_on,1.0,주요 지수가 단기 이동평균선 위에 있어 시장 분위기는 우호적입니다.,25,0,15,10,13,-5,-5,53,40,제외,False,,True,good,,0.0,0.0,501,poor,부적합,기대 수익보다 손실 위험이 더 큽니다.,손익비가 1.0 미만이라 후보 적합성이 낮습니다.,신고가 근접,4.25,,False,2026-07-10,False,"['현재가가 20일선과 50일선 위에 있어 단기 추세가 양호합니다.', '20일 이동평균선이 50일 이동평균선 위에 있어 상승 추세가 유지되고 있습니다.', 'RSI가 45~65 구간에 있어 과열 부담이 크지 않습니다.', 'MACD가 시그널선 위에 있어 모멘텀이 개선되고 있습니다.']","['거래량이 20일 평균보다 낮아 돌파 신뢰도가 약할 수 있습니다.', '손익비가 1.2 미만이라 매매 조건의 질이 낮습니다.']","신고가 근접 유형이며 점수는 40점, 손익비는 0.06입니다.",CMG,us,combined,Chipotle Mexican Grill,,Consumer Discretionary,sp500,상승 우위,주요 지수가 단기 이동평균선 위에 있어 시장 분위기는 우호적입니다.,1.59,True,True,True,34.6,34.96,35.25,1.88,1.04,0.83,6.67,9.1,,40.0,42.0,2.0,0.0,real,good,,True,,,646364105.62,False,손익비 기준 미달: 0.06 < 1.20,74.4,proxy,inflow,0.23,0.53,1.31,0.05,0.0,base,1.2,25.04,0.0,12.5,42.0,55.0,blend,RSI가 과열 구간은 아닙니다. 현재가가 20일선 위에 있어 단기 추세가 양호합니다.,기대 수익보다 손실 위험이 더 큽니다.,0,0,,0,
8,61.69,61.0,1.13,-2.68,12.74,60.26,57.86,55.86,59.59,1.35,1.34,0.01,0.06395031046931132,1.65,2.67,1338300.0,3017080.0,0.44,0.09768579274685756,25603500.0,63.39,64.24,67.31098175048828,56.34,52.62,True,거래량 부족; 손익비 부족,60.26,63.39,64.24,2.76,4.14,2.37,1.16,66.64,2,"[12.7, 10.47, 14.42]",0.695,0.975,63.94,3.65,베이스 형성,True,59.14,주봉 상승 추세,risk_on,1.0,주요 지수가 단기 이동평균선 위에 있어 시장 분위기는 우호적입니다.,30,0,15,6,8,-5,-5,49,53,관찰 후보,False,,True,good,,0.0,0.0,501,low,낮음,손익비가 낮습니다. 기대 수익 대비 손절 위험이 큰 편입니다.,후보에는 남길 수 있지만 보수적인 접근이 필요합니다.,VCP 베이스 형성,34.75,,True,2026-07-10,False,"['현재가가 20일선과 50일선 위에 있어 단기 추세가 양호합니다.', '20일 이동평균선이 50일 이동평균선 위에 있어 상승 추세가 유지되고 있습니다.', 'RSI가 45~65 구간에 있어 과열 부담이 크지 않습니다.', 'MACD가 시그널선 위에 있어 모멘텀이 개선되고 있습니다.']","['거래량이 20일 평균보다 낮아 돌파 신뢰도가 약할 수 있습니다.', '손익비가 1.2 미만이라 매매 조건의 질이 낮습니다.']","VCP base 유형이며 점수는 53점, 손익비는 1.16입니다.",BALL,us,combined,Ball Corporation,,Materials,sp500,상승 우위,주요 지수가 단기 이동평균선 위에 있어 시장 분위기는 우호적입니다.,1.59,True,True,True,61.0,61.21,61.69,1.13,0.34,0.78,2.37,6.62,,53.0,55.0,2.0,0.0,real,good,,True,,,180879266.24,False,손익비 기준 미달: 1.16 < 1.20,54.2,proxy,neutral,0.1,0.62,1.42,0.0,0.0,neutral,1.0,73.73,0.0,7.5,55.0,54.7,blend,RSI가 과열 구간은 아닙니다. 현재가가 20일선 위에 있어 단기 추세가 양호합니다.,손익비가 낮습니다. 기대 수익 대비 손절 위험이 큰 편입니다.,0,0,,0,
9,74.82,73.93000030517578,1.2,0.51,8.15,71.82,69.8,68.86,63.47,1.41,1.21,0.2,0.20444757948140646,1.39,1.86,1452300.0,2752725.0,0.53,0.11936634947452726,152455700.0,74.82,74.82,74.81999969482422,68.43,65.73,True,거래량 부족; 손익비 부족,72.04,76.91,78.3,2.79,4.65,3.86,0.72,59.78,1,"[7.57, 7.58, 10.97]",0.854,0.764,75.63,1.08,베이스 형성,True,69.25,주봉 상승 추세,risk_on,1.0,주요 지수가 단기 이동평균선 위에 있어 시장 분위기는 우호적입니다.,30,0,20,6,12,-5,-5,58,60,관찰 후보,False,,True,good,,0.0,0.0,501,poor,부적합,기대 수익보다 손실 위험이 더 큽니다.,손익비가 1.0 미만이라 후보 적합성이 낮습니다.,VCP 베이스 형성,57.14,,True,2026-07-10,False,"['현재가가 20일선과 50일선 위에 있어 단기 추세가 양호합니다.', '20일 이동평균선이 50일 이동평균선 위에 있어 상승 추세가 유지되고 있습니다.', 'RSI가 45~65 구간에 있어 과열 부담이 크지 않습니다.', 'MACD가 시그널선 위에 있어 모멘텀이 개선되고 있습니다.']","['거래량이 20일 평균보다 낮아 돌파 신뢰도가 약할 수 있습니다.', '손익비가 1.2 미만이라 매매 조건의 질이 낮습니다.']","VCP base 유형이며 점수는 60점, 손익비는 0.72입니다.",ES,us,combined,Eversource Energy,,Utilities,sp500,상승 우위,주요 지수가 단기 이동평균선 위에 있어 시장 분위기는 우호적입니다.,1.59,True,True,True,73.93,74.01,74.82,1.2,0.11,1.09,4.17,7.2,,60.0,62.0,2.0,0.0,real,good,,True,,,196800221.13,False,손익비 기준 미달: 0.72 < 1.20,43.6,proxy,neutral,0.12,0.52,1.19,0.0,0.0,top,0.6,100.0,0.0,15.0,62.0,54.6,blend,RSI가 과열 구간은 아닙니다. 현재가가 20일선 위에 있어 단기 추세가 양호합니다.,기대 수익보다 손실 위험이 더 큽니다.,0,0,,1,
10,163.54,162.38999938964844,0.71,-0.72,8.25,157.9,154.22,152.85,61.04,3.31,2.5,0.81,1.0555768024465024,3.9,2.39,1847100.0,2489715.0,0.74,0.1389025965625963,33929600.0,167.49,167.49,167.49000549316406,150.74,146.58,True,손익비 부족,157.9,167.49,173.29,2.42,5.96,3.57,0.68,49.96,2,"[9.0, 6.13, 12.13]",1.235,1.332,170.14,4.04,베이스 형성,True,156.32,주봉 상승 추세,risk_on,1.0,주요 지수가 단기 이동평균선 위에 있어 시장 분위기는 우호적입니다.,30,0,15,6,12,-5,0,58,58,관찰 후보,False,,True,good,,0.0,0.0,501,poor,부적합,기대 수익보다 손실 위험이 더 큽니다.,손익비가 1.0 미만이라 후보 적합성이 낮습니다.,VCP 베이스 형성,44.98,,True,2026-07-10,False,"['현재가가 20일선과 50일선 위에 있어 단기 추세가 양호합니다.', '20일 이동평균선이 50일 이동평균선 위에 있어 상승 추세가 유지되고 있습니다.', 'RSI가 45~65 구간에 있어 과열 부담이 크지 않습니다.', 'MACD가 시그널선 위에 있어 모멘텀이 개선되고 있습니다.']","['거래량이 20일 평균보다 낮아 돌파 신뢰도가 약할 수 있습니다.', '손익비가 1.2 미만이라 매매 조건의 질이 낮습니다.']","VCP base 유형이며 점수는 58점, 손익비는 0.68입니다.",YUM,us,combined,Yum! Brands,,Consumer Discretionary,sp500,상승 우위,주요 지수가 단기 이동평균선 위에 있어 시장 분위기는 우호적입니다.,1.59,True,True,True,162.39,163.51,163.54,0.71,0.69,0.02,3.57,6.05,,58.0,60.0,2.0,0.0,real,good,,True,,,393241256.73,False,손익비 기준 미달: 0.68 < 1.20,45.4,proxy,neutral,0.14,0.34,0.81,0.05,0.0,neutral,1.0,87.35,0.0,10.0,60.0,54.2,blend,RSI가 과열 구간은 아닙니다. 현재가가 20일선 위에 있어 단기 추세가 양호합니다.,기대 수익보다 손실 위험이 더 큽니다.,0,0,,0,
11,21.65,21.56999969482422,0.37,-1.1,6.29,21.0,19.76,17.54,62.86,0.62,0.64,-0.02,0.008980322002671515,0.45,2.08,6407400.0,7096370.0,0.9,0.13325098448995157,-75430700.0,21.93,21.93,21.93000030517578,19.4,15.83,True,손익비 부족,21.0,21.93,22.77,1.29,5.19,3.08,0.42,74.98,2,"[20.99, 9.18, 12.74]",0.74,0.74,22.13,2.22,베이스 형성,True,17.75,주봉 상승 추세,risk_on,1.0,주요 지수가 단기 이동평균선 위에 있어 시장 분위기는 우호적입니다.,30,3,15,0,15,-5,0,58,63,관찰 후보,False,,True,good,,0.0,0.0,501,poor,부적합,기대 수익보다 손실 위험이 더 큽니다.,손익비가 1.0 미만이라 후보 적합성이 낮습니다.,VCP 베이스 형성,66.02,,True,2026-07-10,False,"['현재가가 20일선과 50일선 위에 있어 단기 추세가 양호합니다.', '20일 이동평균선이 50일 이동평균선 위에 있어 상승 추세가 유지되고 있습니다.', 'RSI가 45~65 구간에 있어 과열 부담이 크지 않습니다.']","['거래량이 20일 평균보다 낮아 돌파 신뢰도가 약할 수 있습니다.', '손익비가 1.2 미만이라 매매 조건의 질이 낮습니다.']","VCP base 유형이며 점수는 63점, 손익비는 0.42입니다.",DOC,us,combined,Healthpeak Properties,,Real Estate,sp500,상승 우위,주요 지수가 단기 이동평균선 위에 있어 시장 분위기는 우호적입니다.,1.59,True,True,True,21.57,21.71,21.65,0.37,0.65,-0.28,3.08,9.54,,63.0,65.0,2.0,0.0,real,good,,True,,,148806687.54,False,손익비 기준 미달: 0.42 < 1.20,37.5,proxy,weak,0.13,0.43,1.07,0.0,0.0,top,0.6,95.81,0.0,10.0,65.0,54.0,blend,RSI가 과열 구간은 아닙니다. 현재가가 20일선 위에 있어 단기 추세가 양호합니다.,기대 수익보다 손실 위험이 더 큽니다.,0,0,,0,
12,75.02,75.44999694824219,-0.57,2.57,4.59,74.08,73.99,66.92,54.12,0.46,0.39,0.07,0.07899045690854983,2.08,2.77,4016700.0,7860240.0,0.51,0.08147362558972276,185588200.0,77.92,78.82,78.8179702758789,71.1,69.53,True,거래량 부족,74.08,77.92,78.82,3.87,5.06,1.27,3.03,38.37,1,"[10.44, 12.57, 11.37]",1.193,1.133,79.0,5.31,해당없음,True,70.04,주봉 상승 추세,risk_on,1.0,주요 지수가 단기 이동평균선 위에 있어 시장 분위기는 우호적입니다.,30,0,20,6,2,10,-5,63,62,관찰 후보,False,,True,good,,0.0,0.0,501,good,양호,목표 수익 대비 손실 위험이 상대적으로 작습니다.,손익비 기준으로는 우호적인 후보입니다.,눌림목 반등,73.55,,True,2026-07-10,False,"['현재가가 20일선과 50일선 위에 있어 단기 추세가 양호합니다.', '20일 이동평균선이 50일 이동평균선 위에 있어 상승 추세가 유지되고 있습니다.', 'RSI가 45~65 구간에 있어 과열 부담이 크지 않습니다.', 'MACD가 시그널선 위에 있어 모멘텀이 개선되고 있습니다.', '손익비가 1.5 이상으로 단기 관찰 조건이 비교적 양호합니다.']",['거래량이 20일 평균보다 낮아 돌파 신뢰도가 약할 수 있습니다.'],"눌림목 반등 유형이며 점수는 62점, 손익비는 3.03입니다.",WMB,us,combined,Williams Companies,,Energy,sp500,상승 우위,주요 지수가 단기 이동평균선 위에 있어 시장 분위기는 우호적입니다.,1.59,True,True,True,75.45,75.42,75.02,-0.57,-0.04,-0.53,1.27,1.39,,62.0,65.0,3.0,0.0,real,good,,True,,,584451118.62,True,,36.9,proxy,weak,0.08,0.24,1.11,0.1,0.0,neutral,1.0,84.2,0.0,7.5,65.0,53.8,blend,RSI가 과열 구간은 아닙니다. 손절가 대비 목표가의 손익비가 양호합니다. 현재가가 20일선 위에 있어 단기 추세가 양호합니다.,목표 수익 대비 손실 위험이 상대적으로 작습니다.,0,0,,0,
13,231.59,232.1199951171875,-0.23,-1.89,9.57,222.74,216.02,197.98,61.46,6.3,5.39,0.91,1.3689441523208714,5.4,2.33,2531000.0,3694815.0,0.69,0.11863093356458643,160584000.0,237.59,237.59,237.58999633789062,206.55,195.35,True,거래량 부족; 손익비 부족,222.74,237.59,245.09,2.59,5.83,3.97,0.65,58.16,1,"[9.43, 12.18, 15.14]",0.872,0.711,239.11,3.25,베이스 형성,True,204.46,주봉 상승 추세,risk_on,1.0,주요 지수가 단기 이동평균선 위에 있어 시장 분위기는 우호적입니다.,30,0,15,6,15,-5,-5,56,61,관찰 후보,False,,True,good,,0.0,0.0,501,poor,부적합,기대 수익보다 손실 위험이 더 큽니다.,손익비가 1.0 미만이라 후보 적합성이 낮습니다.,VCP 베이스 형성,79.92,,True,2026-07-10,False,"['현재가가 20일선과 50일선 위에 있어 단기 추세가 양호합니다.', '20일 이동평균선이 50일 이동평균선 위에 있어 상승 추세가 유지되고 있습니다.', 'RSI가 45~65 구간에 있어 과열 부담이 크지 않습니다.', 'MACD가 시그널선 위에 있어 모멘텀이 개선되고 있습니다.']","['거래량이 20일 평균보다 낮아 돌파 신뢰도가 약할 수 있습니다.', '손익비가 1.2 미만이라 매매 조건의 질이 낮습니다.']","VCP base 유형이며 점수는 61점, 손익비는 0.65입니다.",WELL,us,combined,Welltower,,Real Estate,sp500,상승 우위,주요 지수가 단기 이동평균선 위에 있어 시장 분위기는 우호적입니다.,1.59,True,True,True,232.12,232.73,231.59,-0.23,0.26,-0.49,3.97,7.21,,61.0,63.0,2.0,0.0,real,good,,True,,,817182527.12,False,손익비 기준 미달: 0.65 < 1.20,40.0,proxy,weak,0.12,0.5,1.16,0.0,0.0,top,0.6,93.12,0.0,15.0,63.0,53.8,blend,RSI가 과열 구간은 아닙니다. 현재가가 20일선 위에 있어 단기 추세가 양호합니다.,기대 수익보다 손실 위험이 더 큽니다.,0,0,,0,
14,51.67,51.369998931884766,0.58,1.35,3.84,50.18,49.17,47.5,59.01,0.63,0.54,0.1,0.07078099619156464,1.1,2.13,6037100.0,11038595.0,0.55,0.013958134212511948,275702800.0,51.67,51.67,54.675018310546875,48.17,46.54,True,거래량 부족; 손익비 부족,50.18,53.32,54.42,3.19,5.32,2.97,1.08,72.83,2,"[8.74, 7.85, 8.18]",0.769,0.806,52.07,0.77,돌파 임박,True,49.0,주봉 상승 추세,risk_on,1.0,주요 지수가 단기 이동평균선 위에 있어 시장 분위기는 우호적입니다.,30,0,20,10,12,-5,-5,62,64,관찰 후보,False,,True,good,,0.0,0.0,501,low,낮음,손익비가 낮습니다. 기대 수익 대비 손절 위험이 큰 편입니다.,후보에는 남길 수 있지만 보수적인 접근이 필요합니다.,VCP 돌파 임박,59.07,,True,2026-07-10,False,"['현재가가 20일선과 50일선 위에 있어 단기 추세가 양호합니다.', '20일 이동평균선이 50일 이동평균선 위에 있어 상승 추세가 유지되고 있습니다.', 'RSI가 45~65 구간에 있어 과열 부담이 크지 않습니다.', 'MACD가 시그널선 위에 있어 모멘텀이 개선되고 있습니다.']","['거래량이 20일 평균보다 낮아 돌파 신뢰도가 약할 수 있습니다.', '손익비가 1.2 미만이라 매매 조건의 질이 낮습니다.']","VCP breakout 유형이며 점수는 64점, 손익비는 1.08입니다.",TFC,us,combined,Truist Financial,,Financials,sp500,상승 우위,주요 지수가 단기 이동평균선 위에 있어 시장 분위기는 우호적입니다.,1.59,True,True,True,51.37,51.62,51.67,0.58,0.49,0.1,2.97,5.08,,64.0,69.0,5.0,0.0,real,good,,True,,,549628975.5,False,손익비 기준 미달: 1.08 < 1.20,30.8,proxy,weak,0.01,0.4,0.96,0.0,0.0,neutral,1.0,79.81,0.0,10.0,69.0,53.7,blend,RSI가 과열 구간은 아닙니다. 현재가가 20일선 위에 있어 단기 추세가 양호합니다.,손익비가 낮습니다. 기대 수익 대비 손절 위험이 큰 편입니다.,0,0,,0,
15,210.96,202.77999877929688,4.03,8.28,5.26,201.95,209.07,191.47,57.01,-1.7,-2.94,1.23,0.47595464375487495,6.8,3.22,148124000.0,146818825.0,1.01,0.16575680773211424,2619874300.0,212.45,235.47,235.465576171875,192.53,192.53,True,손익비 부족,201.95,212.45,227.97,0.71,8.06,4.46,0.16,59.48,2,"[12.97, 15.63, 11.3]",0.874,1.006,213.99,1.44,베이스 형성,True,193.3,주봉 상승 추세,risk_on,1.0,주요 지수가 단기 이동평균선 위에 있어 시장 분위기는 우호적입니다.,23,6,20,10,8,-5,-8,54,59,관찰 후보,False,,True,good,,0.0,0.0,501,poor,부적합,기대 수익보다 손실 위험이 더 큽니다.,손익비가 1.0 미만이라 후보 적합성이 낮습니다.,VCP 베이스 형성,72.78,,True,2026-07-10,False,"['현재가가 20일선과 50일선 위에 있어 단기 추세가 양호합니다.', 'RSI가 45~65 구간에 있어 과열 부담이 크지 않습니다.', '현재 거래량이 20일 평균 이상이거나 비슷한 수준이라 신호의 신뢰도를 보강합니다.', 'MACD가 시그널선 위에 있어 모멘텀이 개선되고 있습니다.']",['손익비가 1.2 미만이라 매매 조건의 질이 낮습니다.'],"VCP base 유형이며 점수는 59점, 손익비는 0.16입니다.",NVDA,us,combined,Nvidia,US,Semiconductor,custom;nasdaq100;sp500,상승 우위,주요 지수가 단기 이동평균선 위에 있어 시장 분위기는 우호적입니다.,1.59,True,True,True,202.78,202.0,210.96,4.03,-0.38,4.44,4.46,0.9,,59.0,61.0,2.0,0.0,real,good,,True,,,29672335588.59,False,손익비 기준 미달: 0.16 < 1.20,42.5,proxy,neutral,0.17,-0.17,1.05,0.0,0.0,neutral,1.0,65.78,0.0,10.0,61.0,53.6,blend,거래량이 충분합니다. RSI가 과열 구간은 아닙니다. 현재가가 20일선 위에 있어 단기 추세가 양호합니다.,기대 수익보다 손실 위험이 더 큽니다.,0,0,,0,
16,172.02,170.6199951171875,0.82,2.66,4.44,164.35,159.2,146.56,67.71,2.63,2.12,0.51,0.2565243427446995,3.42,1.99,1213200.0,1223570.0,0.99,-0.07469175160028238,21211000.0,172.02,172.02,172.02000427246094,160.16,138.99,True,손익비 부족,165.19,177.15,180.56,2.98,4.97,4.14,0.72,72.97,3,"[13.29, 11.15, 7.68]",0.847,0.965,170.65,-0.8,베이스 형성,True,153.91,주봉 상승 추세,risk_on,1.0,주요 지수가 단기 이동평균선 위에 있어 시장 분위기는 우호적입니다.,30,3,16,10,12,-5,0,66,70,관심 후보,False,,True,good,,0.0,0.0,501,poor,부적합,기대 수익보다 손실 위험이 더 큽니다.,손익비가 1.0 미만이라 후보 적합성이 낮습니다.,VCP 베이스 형성,83.4,,True,2026-07-10,False,"['현재가가 20일선과 50일선 위에 있어 단기 추세가 양호합니다.', '20일 이동평균선이 50일 이동평균선 위에 있어 상승 추세가 유지되고 있습니다.', 'MACD가 시그널선 위에 있어 모멘텀이 개선되고 있습니다.']","['거래량이 20일 평균보다 낮아 돌파 신뢰도가 약할 수 있습니다.', '손익비가 1.2 미만이라 매매 조건의 질이 낮습니다.']","VCP base 유형이며 점수는 70점, 손익비는 0.72입니다.",EXPD,us,combined,Expeditors International,,Industrials,sp500,상승 우위,주요 지수가 단기 이동평균선 위에 있어 시장 분위기는 우호적입니다.,1.59,True,True,True,170.62,171.12,172.02,0.82,0.29,0.53,4.66,8.05,,70.0,72.0,2.0,0.0,real,good,,True,,,201015571.82,False,손익비 기준 미달: 0.72 < 1.20,25.2,proxy,weak,-0.07,0.28,1.08,0.0,0.3,top,0.6,100.0,0.0,12.5,72.0,53.3,blend,현재가가 20일선 위에 있어 단기 추세가 양호합니다.,기대 수익보다 손실 위험이 더 큽니다.,0,0,,1,
17,95.61,95.16999816894531,0.46,-2.42,1.69,95.21,93.84,91.69,52.46,0.78,0.81,-0.04,0.0341627404432292,1.66,1.74,3096700.0,6902005.0,0.45,-0.11508312129973254,194799600.0,97.98,97.98,98.29612731933594,92.53,89.03,True,거래량 부족,95.21,97.98,99.76,2.48,4.34,0.42,5.92,53.91,1,"[5.95, 6.25, 7.0]",0.851,0.834,99.26,3.82,베이스 형성,True,92.38,주봉 상승 추세,risk_on,1.0,주요 지수가 단기 이동평균선 위에 있어 시장 분위기는 우호적입니다.,30,0,15,0,12,10,-5,62,61,관찰 후보,False,,True,good,,0.0,0.0,501,good,양호,목표 수익 대비 손실 위험이 상대적으로 작습니다.,손익비 기준으로는 우호적인 후보입니다.,VCP 베이스 형성,47.68,,True,2026-07-10,False,"['현재가가 20일선과 50일선 위에 있어 단기 추세가 양호합니다.', '20일 이동평균선이 50일 이동평균선 위에 있어 상승 추세가 유지되고 있습니다.', 'RSI가 45~65 구간에 있어 과열 부담이 크지 않습니다.', '손익비가 1.5 이상으로 단기 관찰 조건이 비교적 양호합니다.']",['거래량이 20일 평균보다 낮아 돌파 신뢰도가 약할 수 있습니다.'],"VCP base 유형이며 점수는 61점, 손익비는 5.92입니다.",SO,us,combined,Southern Company,,Utilities,sp500,상승 우위,주요 지수가 단기 이동평균선 위에 있어 시장 분위기는 우호적입니다.,1.59,True,True,True,95.17,95.24,95.61,0.46,0.07,0.39,0.42,1.89,,61.0,63.0,2.0,0.0,real,good,,True,,,655443268.67,True,,38.5,proxy,weak,-0.12,0.38,1.45,0.0,0.0,neutral,1.0,82.73,0.0,10.0,63.0,53.2,blend,RSI가 과열 구간은 아닙니다. 손절가 대비 목표가의 손익비가 양호합니다. 현재가가 20일선 위에 있어 단기 추세가 양호합니다.,목표 수익 대비 손실 위험이 상대적으로 작습니다.,0,0,,1,
18,270.83,267.7799987792969,1.14,0.8,23.7,252.97,238.31,242.7,62.76,9.73,8.62,1.11,1.224813236757683,11.57,4.27,1026000.0,1648995.0,0.62,0.14726375606281614,50351100.0,270.83,273.22,300.020751953125,224.66,214.2,True,거래량 부족; 손익비 부족,252.97,288.19,299.76,6.41,10.68,7.06,0.91,0.0,0,[],0.0,0.0,279.1673046189851,0.0,해당없음,True,245.81,주봉 상승 추세,risk_on,1.0,주요 지수가 단기 이동평균선 위에 있어 시장 분위기는 우호적입니다.,30,0,20,6,13,-5,-5,59,54,관찰 후보,False,,True,good,,0.0,0.0,501,poor,부적합,기대 수익보다 손실 위험이 더 큽니다.,손익비가 1.0 미만이라 후보 적합성이 낮습니다.,신고가 근접,75.68,,True,2026-07-10,False,"['현재가가 20일선과 50일선 위에 있어 단기 추세가 양호합니다.', '20일 이동평균선이 50일 이동평균선 위에 있어 상승 추세가 유지되고 있습니다.', 'RSI가 45~65 구간에 있어 과열 부담이 크지 않습니다.', 'MACD가 시그널선 위에 있어 모멘텀이 개선되고 있습니다.']","['거래량이 20일 평균보다 낮아 돌파 신뢰도가 약할 수 있습니다.', '손익비가 1.2 미만이라 매매 조건의 질이 낮습니다.']","신고가 근접 유형이며 점수는 54점, 손익비는 0.91입니다.",EXPE,us,combined,Expedia Group,,Consumer Discretionary,sp500,상승 우위,주요 지수가 단기 이동평균선 위에 있어 시장 분위기는 우호적입니다.,1.59,True,True,True,267.78,267.78,270.83,1.14,0.0,1.14,7.06,13.64,,54.0,56.0,2.0,0.0,real,good,,True,,,417316258.41,False,손익비 기준 미달: 0.91 < 1.20,48.2,proxy,neutral,0.15,0.42,1.23,0.05,0.0,neutral,1.0,76.34,0.0,7.5,56.0,52.9,blend,RSI가 과열 구간은 아닙니다. 현재가가 20일선 위에 있어 단기 추세가 양호합니다.,기대 수익보다 손실 위험이 더 큽니다.,0,0,,0,
19,248.08,249.91000366210938,-0.73,-4.98,10.28,240.43,223.92,220.66,60.37,8.94,9.06,-0.12,0.5489398133018213,7.61,3.07,5780700.0,9460065.0,0.61,0.3208640103490505,76074600.0,261.07,261.07,261.07000732421875,216.49,197.38,True,거래량 부족,240.43,259.49,261.07,4.6,5.24,3.18,1.45,38.17,1,"[11.23, 11.36, 17.68]",1.949,1.086,261.64,5.47,해당없음,True,220.35,주봉 상승 추세,risk_on,1.0,주요 지수가 단기 이동평균선 위에 있어 시장 분위기는 우호적입니다.,30,0,15,0,5,3,-5,48,51,관찰 후보,False,,True,good,,0.0,0.0,501,low,낮음,손익비가 낮습니다. 기대 수익 대비 손절 위험이 큰 편입니다.,후보에는 남길 수 있지만 보수적인 접근이 필요합니다.,관찰 패턴,67.37,,True,2026-07-10,False,"['현재가가 20일선과 50일선 위에 있어 단기 추세가 양호합니다.', '20일 이동평균선이 50일 이동평균선 위에 있어 상승 추세가 유지되고 있습니다.', 'RSI가 45~65 구간에 있어 과열 부담이 크지 않습니다.']",['거래량이 20일 평균보다 낮아 돌파 신뢰도가 약할 수 있습니다.'],"관찰 패턴 유형이며 점수는 51점, 손익비는 1.45입니다.",ABBV,us,combined,AbbVie,,Health Care,sp500,상승 우위,주요 지수가 단기 이동평균선 위에 있어 시장 분위기는 우호적입니다.,1.59,True,True,True,249.91,251.01,248.08,-0.73,0.44,-1.17,3.18,10.79,,51.0,49.0,-2.0,0.0,real,good,,True,,,2310439241.38,True,,58.5,proxy,neutral,0.32,0.48,1.81,0.05,0.0,neutral,1.0,83.86,0.0,5.0,49.0,52.8,blend,RSI가 과열 구간은 아닙니다. 현재가가 20일선 위에 있어 단기 추세가 양호합니다.,손익비가 낮습니다. 기대 수익 대비 손절 위험이 큰 편입니다.,0,0,,1,
20,115.05,113.93000030517578,0.98,-0.05,4.14,113.5,112.33,101.92,56.23,0.95,0.93,0.02,0.012168254268981715,2.04,1.77,2484200.0,3273050.0,0.76,0.0036691915884988725,212893700.0,116.33,117.36,117.36000061035156,109.89,104.97,True,손익비 부족,113.5,116.33,117.36,1.11,2.01,1.37,0.81,70.18,2,"[7.96, 7.33, 6.23]",0.769,0.849,116.93,1.63,돌파 임박,True,105.8,주봉 상승 추세,risk_on,1.0,주요 지수가 단기 이동평균선 위에 있어 시장 분위기는 우호적입니다.,30,0,15,10,12,-5,0,62,67,관심 후보,False,,True,good,,0.0,0.0,501,poor,부적합,기대 수익보다 손실 위험이 더 큽니다.,손익비가 1.0 미만이라 후보 적합성이 낮습니다.,VCP 돌파 임박,80.5,,True,2026-07-10,False,"['현재가가 20일선과 50일선 위에 있어 단기 추세가 양호합니다.', '20일 이동평균선이 50일 이동평균선 위에 있어 상승 추세가 유지되고 있습니다.', 'RSI가 45~65 구간에 있어 과열 부담이 크지 않습니다.', 'MACD가 시그널선 위에 있어 모멘텀이 개선되고 있습니다.']","['거래량이 20일 평균보다 낮아 돌파 신뢰도가 약할 수 있습니다.', '손익비가 1.2 미만이라 매매 조건의 질이 낮습니다.']","VCP breakout 유형이며 점수는 67점, 손익비는 0.81입니다.",ETR,us,combined,Entergy,,Utilities,sp500,상승 우위,주요 지수가 단기 이동평균선 위에 있어 시장 분위기는 우호적입니다.,1.59,True,True,True,113.93,113.89,115.05,0.98,-0.04,1.02,1.37,2.42,,67.0,72.0,5.0,0.0,real,good,,True,,,371104549.01,False,손익비 기준 미달: 0.81 < 1.20,23.9,proxy,outflow,0.0,0.38,1.08,0.0,0.0,top,0.6,93.86,0.0,10.0,72.0,52.8,blend,RSI가 과열 구간은 아닙니다. 현재가가 20일선 위에 있어 단기 추세가 양호합니다.,기대 수익보다 손실 위험이 더 큽니다.,0,0,,1,
21,71.79,71.58999633789062,0.28,-1.27,-0.36,71.53,70.9,63.22,51.71,0.58,0.66,-0.08,-0.03058293310502236,1.67,2.33,7334400.0,8250760.0,0.89,0.13984921485329407,447326800.0,74.05,74.05,74.05000305175781,68.95,63.22,True,점수 기준 미달,71.53,74.05,75.97,3.15,5.82,0.37,8.59,62.26,2,"[14.06, 8.31, 8.2]",0.805,0.956,74.15,3.29,베이스 형성,True,65.5,주봉 상승 추세,risk_on,1.0,주요 지수가 단기 이동평균선 위에 있어 시장 분위기는 우호적입니다.,30,3,12,0,2,10,0,57,62,관찰 후보,False,,True,good,,0.0,0.0,501,good,양호,목표 수익 대비 손실 위험이 상대적으로 작습니다.,손익비 기준으로는 우호적인 후보입니다.,VCP 베이스 형성,75.87,,True,2026-07-10,False,"['현재가가 20일선과 50일선 위에 있어 단기 추세가 양호합니다.', '20일 이동평균선이 50일 이동평균선 위에 있어 상승 추세가 유지되고 있습니다.', 'RSI가 45~65 구간에 있어 과열 부담이 크지 않습니다.', '손익비가 1.5 이상으로 단기 관찰 조건이 비교적 양호합니다.']",['거래량이 20일 평균보다 낮아 돌파 신뢰도가 약할 수 있습니다.'],"VCP base 유형이며 점수는 62점, 손익비는 8.59입니다.",MO,us,combined,Altria,,Consumer Staples,sp500,상승 우위,주요 지수가 단기 이동평균선 위에 있어 시장 분위기는 우호적입니다.,1.59,True,True,True,71.59,71.84,71.79,0.28,0.35,-0.07,0.37,1.25,,62.0,64.0,2.0,0.0,real,good,,True,,,588738596.82,True,,35.6,proxy,weak,0.14,0.44,1.19,0.05,0.0,top,0.6,89.25,0.0,7.5,64.0,52.6,blend,RSI가 과열 구간은 아닙니다. 손절가 대비 목표가의 손익비가 양호합니다. 현재가가 20일선 위에 있어 단기 추세가 양호합니다.,목표 수익 대비 손실 위험이 상대적으로 작습니다.,0,0,,0,
22,283.74,283.29998779296875,0.16,6.53,7.77,259.62,256.05,211.62,69.65,7.02,3.99,3.03,2.8375332591767424,8.22,2.9,1932300.0,2439520.0,0.79,0.18065774119611727,88440800.0,283.74,283.74,283.739990234375,242.91,212.88,True,손익비 부족,267.31,296.06,304.28,4.34,7.24,6.15,0.71,56.08,2,"[19.48, 11.41, 17.02]",1.026,0.971,283.68,-0.02,베이스 형성,True,221.08,주봉 상승 추세,risk_on,1.0,주요 지수가 단기 이동평균선 위에 있어 시장 분위기는 우호적입니다.,30,0,16,10,13,-5,0,64,67,관심 후보,False,,True,good,,0.0,0.0,501,poor,부적합,기대 수익보다 손실 위험이 더 큽니다.,손익비가 1.0 미만이라 후보 적합성이 낮습니다.,VCP 베이스 형성,85.14,,True,2026-07-10,False,"['현재가가 20일선과 50일선 위에 있어 단기 추세가 양호합니다.', '20일 이동평균선이 50일 이동평균선 위에 있어 상승 추세가 유지되고 있습니다.', 'MACD가 시그널선 위에 있어 모멘텀이 개선되고 있습니다.']","['거래량이 20일 평균보다 낮아 돌파 신뢰도가 약할 수 있습니다.', '손익비가 1.2 미만이라 매매 조건의 질이 낮습니다.']","VCP base 유형이며 점수는 67점, 손익비는 0.71입니다.",MPC,us,combined,Marathon Petroleum,,Energy,sp500,상승 우위,주요 지수가 단기 이동평균선 위에 있어 시장 분위기는 우호적입니다.,1.59,True,True,True,283.3,286.32,283.74,0.16,1.07,-0.9,9.29,10.81,,67.0,69.0,2.0,0.0,real,good,,True,,,628735618.81,False,손익비 기준 미달: 0.71 < 1.20,27.8,proxy,weak,0.18,0.27,0.86,0.0,0.3,top,0.6,100.0,0.0,7.5,69.0,52.5,blend,현재가가 20일선 위에 있어 단기 추세가 양호합니다.,기대 수익보다 손실 위험이 더 큽니다.,0,0,,0,
23,82.8,79.98999786376953,3.51,6.17,10.92,77.06,68.77,68.24,71.07,2.89,2.87,0.02,-0.19647812124454367,2.39,2.89,3625800.0,3833390.0,0.95,0.1454134713596512,-11900800.0,82.8,82.8,82.80000305175781,72.14,54.79,True,손익비 부족,78.02,86.39,88.78,4.33,7.22,6.13,0.71,72.67,2,"[16.9, 29.54, 13.3]",0.82,0.672,80.39,-2.91,베이스 형성,True,66.47,주봉 상승 추세,risk_on,1.0,주요 지수가 단기 이동평균선 위에 있어 시장 분위기는 우호적입니다.,30,3,8,10,13,-5,0,59,63,관찰 후보,False,,True,good,,0.0,0.0,501,poor,부적합,기대 수익보다 손실 위험이 더 큽니다.,손익비가 1.0 미만이라 후보 적합성이 낮습니다.,VCP 베이스 형성,53.86,,True,2026-07-10,False,"['현재가가 20일선과 50일선 위에 있어 단기 추세가 양호합니다.', '20일 이동평균선이 50일 이동평균선 위에 있어 상승 추세가 유지되고 있습니다.', 'MACD가 시그널선 위에 있어 모멘텀이 개선되고 있습니다.']","['RSI가 70 이상이라 단기 과열 가능성을 확인해야 합니다.', '거래량이 20일 평균보다 낮아 돌파 신뢰도가 약할 수 있습니다.', '손익비가 1.2 미만이라 매매 조건의 질이 낮습니다.']","VCP base 유형이며 점수는 63점, 손익비는 0.71입니다.",BBY,us,combined,Best Buy,,Consumer Discretionary,sp500,상승 우위,주요 지수가 단기 이동평균선 위에 있어 시장 분위기는 우호적입니다.,1.59,True,True,True,79.99,80.58,82.8,3.51,0.74,2.76,7.45,20.41,RSI가 높아 단기 과열 구간일 수 있습니다.,63.0,65.0,2.0,0.0,real,good,,True,,,294728663.54,False,손익비 기준 미달: 0.71 < 1.20,33.7,proxy,weak,0.15,0.13,1.01,0.0,0.3,top,0.6,100.0,0.0,12.5,65.0,52.5,blend,현재가가 20일선 위에 있어 단기 추세가 양호합니다.,기대 수익보다 손실 위험이 더 큽니다. RSI가 높아 단기 과열 구간일 수 있습니다.,0,0,,0,
24,353.71,357.6600036621094,-1.1,-3.29,6.89,344.94,325.69,278.19,61.97,10.61,11.1,-0.5,0.0891249444913278,8.29,2.34,446100.0,812485.0,0.55,0.27942622066711953,6914200.0,365.74,365.74,365.739990234375,323.59,266.3,True,거래량 부족,344.94,365.74,374.44,3.4,5.86,2.54,1.34,53.23,2,"[20.12, 12.15, 12.44]",0.962,0.966,367.66,3.94,베이스 형성,True,282.64,주봉 상승 추세,risk_on,1.0,주요 지수가 단기 이동평균선 위에 있어 시장 분위기는 우호적입니다.,30,0,15,0,2,3,-5,45,53,관찰 후보,False,,True,good,,0.0,0.0,501,low,낮음,손익비가 낮습니다. 기대 수익 대비 손절 위험이 큰 편입니다.,후보에는 남길 수 있지만 보수적인 접근이 필요합니다.,VCP 베이스 형성,85.52,,True,2026-07-10,False,"['현재가가 20일선과 50일선 위에 있어 단기 추세가 양호합니다.', '20일 이동평균선이 50일 이동평균선 위에 있어 상승 추세가 유지되고 있습니다.', 'RSI가 45~65 구간에 있어 과열 부담이 크지 않습니다.']",['거래량이 20일 평균보다 낮아 돌파 신뢰도가 약할 수 있습니다.'],"VCP base 유형이며 점수는 53점, 손익비는 1.34입니다.",WST,us,combined,West Pharmaceutical Services,,Health Care,sp500,상승 우위,주요 지수가 단기 이동평균선 위에 있어 시장 분위기는 우호적입니다.,1.59,True,True,True,357.66,357.92,353.71,-1.1,0.07,-1.18,2.54,8.6,,53.0,55.0,2.0,0.0,real,good,,True,,,280125796.83,True,,48.0,proxy,neutral,0.28,0.65,1.36,0.0,0.0,neutral,1.0,92.31,0.0,2.5,55.0,52.2,blend,RSI가 과열 구간은 아닙니다. 현재가가 20일선 위에 있어 단기 추세가 양호합니다.,손익비가 낮습니다. 기대 수익 대비 손절 위험이 큰 편입니다.,0,0,,1,
25,327.47,323.7699890136719,1.14,1.48,6.0,313.52,312.9,297.13,65.0,3.93,2.32,1.62,1.4756248609476743,5.77,1.76,636100.0,1053585.0,0.6,0.041987034422820896,50284900.0,327.47,327.47,327.4700012207031,300.08,296.43,True,거래량 부족; 손익비 부족,315.93,336.13,341.9,2.64,4.41,3.65,0.72,74.96,2,"[8.6, 7.62, 9.47]",0.742,0.791,325.37,-0.64,돌파 임박,True,302.04,주봉 상승 추세,risk_on,1.0,주요 지수가 단기 이동평균선 위에 있어 시장 분위기는 우호적입니다.,30,0,16,10,12,-5,-5,58,64,관찰 후보,False,,True,good,,0.0,0.0,501,poor,부적합,기대 수익보다 손실 위험이 더 큽니다.,손익비가 1.0 미만이라 후보 적합성이 낮습니다.,VCP 돌파 임박,69.5,,True,2026-07-10,False,"['현재가가 20일선과 50일선 위에 있어 단기 추세가 양호합니다.', '20일 이동평균선이 50일 이동평균선 위에 있어 상승 추세가 유지되고 있습니다.', 'MACD가 시그널선 위에 있어 모멘텀이 개선되고 있습니다.']","['거래량이 20일 평균보다 낮아 돌파 신뢰도가 약할 수 있습니다.', '손익비가 1.2 미만이라 매매 조건의 질이 낮습니다.']","VCP breakout 유형이며 점수는 64점, 손익비는 0.72입니다.",NSC,us,combined,Norfolk Southern,,Industrials,sp500,상승 우위,주요 지수가 단기 이동평균선 위에 있어 시장 분위기는 우호적입니다.,1.59,True,True,True,323.77,325.0,327.47,1.14,0.38,0.76,4.45,4.66,,64.0,69.0,5.0,0.0,real,good,,True,,,328083352.79,False,손익비 기준 미달: 0.72 < 1.20,25.8,proxy,weak,0.04,0.16,0.76,0.0,0.3,top,0.6,100.0,0.0,12.5,69.0,51.7,blend,RSI가 과열 구간은 아닙니다. 현재가가 20일선 위에 있어 단기 추세가 양호합니다.,기대 수익보다 손실 위험이 더 큽니다.,0,0,,1,
26,430.39,430.32000732421875,0.02,5.45,10.14,403.35,384.39,305.3,68.44,12.33,10.53,1.8,1.6359672765946698,12.87,2.99,359600.0,621435.0,0.58,0.16412192235197703,49426500.0,430.39,430.39,430.3900146484375,384.78,297.72,True,거래량 부족; 손익비 부족,404.65,449.7,462.56,4.49,7.48,6.36,0.71,71.7,3,"[19.72, 15.02, 13.48]",0.86,1.023,431.41,0.24,베이스 형성,True,317.44,주봉 상승 추세,risk_on,1.0,주요 지수가 단기 이동평균선 위에 있어 시장 분위기는 우호적입니다.,30,0,16,10,13,-5,-5,59,65,관심 후보,False,,True,good,,0.0,0.0,501,poor,부적합,기대 수익보다 손실 위험이 더 큽니다.,손익비가 1.0 미만이라 후보 적합성이 낮습니다.,VCP 베이스 형성,76.64,,True,2026-07-10,False,"['현재가가 20일선과 50일선 위에 있어 단기 추세가 양호합니다.', '20일 이동평균선이 50일 이동평균선 위에 있어 상승 추세가 유지되고 있습니다.', 'MACD가 시그널선 위에 있어 모멘텀이 개선되고 있습니다.']","['거래량이 20일 평균보다 낮아 돌파 신뢰도가 약할 수 있습니다.', '손익비가 1.2 미만이라 매매 조건의 질이 낮습니다.']","VCP base 유형이며 점수는 65점, 손익비는 0.71입니다.",FFIV,us,combined,"F5, Inc.",,Information Technology,sp500,상승 우위,주요 지수가 단기 이동평균선 위에 있어 시장 분위기는 우호적입니다.,1.59,True,True,True,430.32,427.79,430.39,0.02,-0.59,0.61,6.7,11.97,,65.0,67.0,2.0,0.0,real,good,,True,,,249737191.02,False,손익비 기준 미달: 0.71 < 1.20,28.6,proxy,weak,0.16,0.47,1.2,0.05,0.0,top,0.6,100.0,7.0,7.5,67.0,51.6,blend,현재가가 20일선 위에 있어 단기 추세가 양호합니다.,기대 수익보다 손실 위험이 더 큽니다.,0,0,,2,
27,112.41,109.93000030517578,2.26,-2.01,10.66,107.54,101.0,102.25,63.14,3.55,3.41,0.14,0.2328550990732028,2.87,2.56,3342400.0,4863585.0,0.69,0.12124481876161114,-45838600.0,114.74,114.74,130.3861846923828,100.5,93.19,True,거래량 부족; 손익비 부족,107.54,114.74,119.59,2.07,6.39,4.53,0.46,0.0,0,[],0.0,0.0,116.81999969482422,0.0,해당없음,True,100.32,주봉 상승 추세,risk_on,1.0,주요 지수가 단기 이동평균선 위에 있어 시장 분위기는 우호적입니다.,30,0,15,6,15,-5,-5,56,46,제외,False,,True,good,,0.0,0.0,501,poor,부적합,기대 수익보다 손실 위험이 더 큽니다.,손익비가 1.0 미만이라 후보 적합성이 낮습니다.,신고가 근접,18.92,,True,2026-07-10,False,"['현재가가 20일선과 50일선 위에 있어 단기 추세가 양호합니다.', '20일 이동평균선이 50일 이동평균선 위에 있어 상승 추세가 유지되고 있습니다.', 'RSI가 45~65 구간에 있어 과열 부담이 크지 않습니다.', 'MACD가 시그널선 위에 있어 모멘텀이 개선되고 있습니다.']","['거래량이 20일 평균보다 낮아 돌파 신뢰도가 약할 수 있습니다.', '손익비가 1.2 미만이라 매매 조건의 질이 낮습니다.']","신고가 근접 유형이며 점수는 46점, 손익비는 0.46입니다.",KMB,us,combined,Kimberly-Clark,,Consumer Staples,sp500,상승 우위,주요 지수가 단기 이동평균선 위에 있어 시장 분위기는 우호적입니다.,1.59,True,True,True,109.93,110.64,112.41,2.26,0.65,1.6,4.53,11.3,,46.0,48.0,2.0,0.0,real,good,,True,,,523025985.69,False,손익비 기준 미달: 0.46 < 1.20,56.8,proxy,neutral,0.12,0.6,1.36,0.0,0.0,neutral,1.0,53.43,0.0,10.0,48.0,51.5,blend,RSI가 과열 구간은 아닙니다. 현재가가 20일선 위에 있어 단기 추세가 양호합니다.,기대 수익보다 손실 위험이 더 큽니다.,0,0,,0,
28,325.91,338.30999755859375,-3.67,-6.36,23.82,310.29,267.09,204.73,58.52,20.96,21.8,-0.85,0.5825722783400309,17.26,5.3,4677300.0,7764835.0,0.6,0.3158787670677673,123490800.0,357.53,357.53,357.5299987792969,279.53,164.11,True,거래량 부족,310.29,351.8,357.53,7.94,9.7,5.03,1.58,35.82,1,"[25.2, 30.43, 29.9]",0.984,1.347,368.17,12.97,해당없음,True,207.05,주봉 상승 추세,risk_on,1.0,주요 지수가 단기 이동평균선 위에 있어 시장 분위기는 우호적입니다.,30,0,15,0,3,6,-5,49,52,관찰 후보,False,,True,good,,0.0,0.0,501,normal,무난,손익비는 무난한 편입니다.,목표가와 손절가의 균형이 보통 수준입니다.,관찰 패턴,71.24,,True,2026-07-10,False,"['현재가가 20일선과 50일선 위에 있어 단기 추세가 양호합니다.', '20일 이동평균선이 50일 이동평균선 위에 있어 상승 추세가 유지되고 있습니다.', 'RSI가 45~65 구간에 있어 과열 부담이 크지 않습니다.', '손익비가 1.5 이상으로 단기 관찰 조건이 비교적 양호합니다.']",['거래량이 20일 평균보다 낮아 돌파 신뢰도가 약할 수 있습니다.'],"관찰 패턴 유형이며 점수는 52점, 손익비는 1.58입니다.",PANW,us,combined,Palo Alto Networks,,Information Technology,nasdaq100;sp500,상승 우위,주요 지수가 단기 이동평균선 위에 있어 시장 분위기는 우호적입니다.,1.59,True,True,True,338.31,338.48,325.91,-3.67,0.05,-3.71,5.03,22.02,,52.0,50.0,-2.0,0.0,real,good,,True,,,2425182856.86,True,,52.5,proxy,neutral,0.32,0.43,1.25,0.0,0.0,neutral,1.0,85.35,0.0,5.0,50.0,51.0,blend,RSI가 과열 구간은 아닙니다. 손절가 대비 목표가의 손익비가 양호합니다. 현재가가 20일선 위에 있어 단기 추세가 양호합니다.,손익비는 무난한 편입니다.,0,0,,2,
29,31.02,30.579999923706055,1.44,2.44,8.54,29.73,28.43,26.84,65.83,0.66,0.63,0.04,0.015065903230469413,0.66,2.13,12462900.0,10876255.0,1.15,0.09532739296390444,609132300.0,31.02,31.02,31.020000457763672,28.6,26.38,True,손익비 부족,29.73,32.01,32.67,3.19,5.32,4.33,0.74,64.82,2,"[7.55, 11.47, 8.91]",0.84,0.949,31.04,0.06,베이스 형성,True,27.77,주봉 상승 추세,risk_on,1.0,주요 지수가 단기 이동평균선 위에 있어 시장 분위기는 우호적입니다.,30,6,16,10,12,-5,0,69,64,관찰 후보,False,,True,good,,0.0,0.0,501,poor,부적합,기대 수익보다 손실 위험이 더 큽니다.,손익비가 1.0 미만이라 후보 적합성이 낮습니다.,VCP 베이스 형성,67.57,,True,2026-07-10,False,"['현재가가 20일선과 50일선 위에 있어 단기 추세가 양호합니다.', '20일 이동평균선이 50일 이동평균선 위에 있어 상승 추세가 유지되고 있습니다.', '현재 거래량이 20일 평균 이상이거나 비슷한 수준이라 신호의 신뢰도를 보강합니다.', 'MACD가 시그널선 위에 있어 모멘텀이 개선되고 있습니다.']",['손익비가 1.2 미만이라 매매 조건의 질이 낮습니다.'],"VCP base 유형이며 점수는 64점, 손익비는 0.74입니다.",RF,us,combined,Regions Financial Corporation,,Financials,sp500,상승 우위,주요 지수가 단기 이동평균선 위에 있어 시장 분위기는 우호적입니다.,1.59,True,True,True,30.58,30.83,31.02,1.44,0.82,0.62,4.33,9.09,,64.0,66.0,2.0,0.0,real,good,,True,,,322132671.89,False,손익비 기준 미달: 0.74 < 1.20,27.8,proxy,weak,0.1,0.34,0.9,0.0,0.0,top,0.6,100.0,0.0,10.0,66.0,50.7,blend,거래량이 충분합니다. 현재가가 20일선 위에 있어 단기 추세가 양호합니다.,기대 수익보다 손실 위험이 더 큽니다.,0,0,,0,
30,150.27,149.27000427246094,0.67,-2.46,3.69,149.97,145.58,139.1,52.98,1.82,2.13,-0.31,-0.18598860576738208,2.63,1.75,1222000.0,1358830.0,0.9,-0.07893366849717141,111498700.0,154.43,154.43,154.42999267578125,144.64,138.68,True,점수 기준 미달,149.97,154.22,154.43,2.63,2.77,0.2,13.08,62.34,2,"[8.68, 5.35, 7.25]",0.838,0.899,155.75,3.65,베이스 형성,True,141.47,주봉 상승 추세,risk_on,1.0,주요 지수가 단기 이동평균선 위에 있어 시장 분위기는 우호적입니다.,30,3,15,0,12,10,-8,62,64,관찰 후보,False,,True,good,,0.0,0.0,501,good,양호,목표 수익 대비 손실 위험이 상대적으로 작습니다.,손익비 기준으로는 우호적인 후보입니다.,VCP 베이스 형성,59.65,,True,2026-07-10,False,"['현재가가 20일선과 50일선 위에 있어 단기 추세가 양호합니다.', '20일 이동평균선이 50일 이동평균선 위에 있어 상승 추세가 유지되고 있습니다.', 'RSI가 45~65 구간에 있어 과열 부담이 크지 않습니다.', '손익비가 1.5 이상으로 단기 관찰 조건이 비교적 양호합니다.']",['거래량이 20일 평균보다 낮아 돌파 신뢰도가 약할 수 있습니다.'],"VCP base 유형이며 점수는 64점, 손익비는 13.08입니다.",DTE,us,combined,DTE Energy,,Utilities,sp500,상승 우위,주요 지수가 단기 이동평균선 위에 있어 시장 분위기는 우호적입니다.,1.59,True,True,True,149.27,149.13,150.27,0.67,-0.09,0.76,0.2,3.22,,64.0,66.0,2.0,0.0,real,good,,True,,,203594857.62,True,,27.5,proxy,weak,-0.08,0.31,1.08,0.0,0.0,neutral,1.0,85.55,0.0,5.0,66.0,50.6,blend,RSI가 과열 구간은 아닙니다. 손절가 대비 목표가의 손익비가 양호합니다. 현재가가 20일선 위에 있어 단기 추세가 양호합니다.,목표 수익 대비 손실 위험이 상대적으로 작습니다.,0,0,,1,
31,70.08,69.44999694824219,0.91,0.47,4.96,68.79,66.28,61.49,61.98,0.97,1.01,-0.03,-0.04942867274122764,1.12,1.6,3956900.0,6746435.0,0.59,-0.23887494033306245,290298200.0,70.08,70.08,70.08000183105469,66.69,60.35,True,거래량 부족,68.79,71.76,72.88,2.4,3.99,1.87,1.28,73.79,2,"[7.88, 10.53, 5.64]",0.746,0.813,70.59,0.73,돌파 임박,True,62.92,주봉 상승 추세,risk_on,1.0,주요 지수가 단기 이동평균선 위에 있어 시장 분위기는 우호적입니다.,30,0,20,4,12,3,-5,64,64,관찰 후보,False,,True,good,,0.0,0.0,501,low,낮음,손익비가 낮습니다. 기대 수익 대비 손절 위험이 큰 편입니다.,후보에는 남길 수 있지만 보수적인 접근이 필요합니다.,VCP 돌파 임박,67.95,,True,2026-07-10,False,"['현재가가 20일선과 50일선 위에 있어 단기 추세가 양호합니다.', '20일 이동평균선이 50일 이동평균선 위에 있어 상승 추세가 유지되고 있습니다.', 'RSI가 45~65 구간에 있어 과열 부담이 크지 않습니다.']",['거래량이 20일 평균보다 낮아 돌파 신뢰도가 약할 수 있습니다.'],"VCP breakout 유형이며 점수는 64점, 손익비는 1.28입니다.",D,us,combined,Dominion Energy,,Utilities,sp500,상승 우위,주요 지수가 단기 이동평균선 위에 있어 시장 분위기는 우호적입니다.,1.59,True,True,True,69.45,69.57,70.08,0.91,0.17,0.73,1.87,5.73,,64.0,69.0,5.0,0.0,real,good,,True,,,463640395.83,True,,22.5,proxy,outflow,-0.24,0.09,1.13,0.05,0.0,top,0.6,100.0,0.0,12.5,69.0,50.4,blend,RSI가 과열 구간은 아닙니다. 현재가가 20일선 위에 있어 단기 추세가 양호합니다.,손익비가 낮습니다. 기대 수익 대비 손절 위험이 큰 편입니다.,0,0,,1,
32,233.33,231.6699981689453,0.72,1.27,4.04,223.7,220.77,220.33,62.11,3.85,2.53,1.32,1.4716964044257663,4.82,2.07,1033600.0,2384325.0,0.43,-0.0014637820251082057,74770700.0,237.21,237.21,244.47425842285156,213.31,210.55,True,거래량 부족; 손익비 부족,223.7,237.21,245.38,1.66,5.17,4.3,0.39,56.57,2,"[9.96, 7.72, 10.91]",1.065,0.888,238.2,2.09,베이스 형성,True,224.8,주봉 상승 추세,risk_on,1.0,주요 지수가 단기 이동평균선 위에 있어 시장 분위기는 우호적입니다.,30,0,20,6,12,-5,-5,58,58,관찰 후보,False,,True,good,,0.0,0.0,501,poor,부적합,기대 수익보다 손실 위험이 더 큽니다.,손익비가 1.0 미만이라 후보 적합성이 낮습니다.,VCP 베이스 형성,41.7,,True,2026-07-10,False,"['현재가가 20일선과 50일선 위에 있어 단기 추세가 양호합니다.', '20일 이동평균선이 50일 이동평균선 위에 있어 상승 추세가 유지되고 있습니다.', 'RSI가 45~65 구간에 있어 과열 부담이 크지 않습니다.', 'MACD가 시그널선 위에 있어 모멘텀이 개선되고 있습니다.']","['거래량이 20일 평균보다 낮아 돌파 신뢰도가 약할 수 있습니다.', '손익비가 1.2 미만이라 매매 조건의 질이 낮습니다.']","VCP base 유형이며 점수는 58점, 손익비는 0.39입니다.",WM,us,combined,Waste Management,,Industrials,sp500,상승 우위,주요 지수가 단기 이동평균선 위에 있어 시장 분위기는 우호적입니다.,1.59,True,True,True,231.67,232.22,233.33,0.72,0.24,0.48,4.3,5.69,,58.0,60.0,2.0,0.0,real,good,,True,,,532451460.65,False,손익비 기준 미달: 0.39 < 1.20,36.0,proxy,weak,-0.0,0.16,1.39,0.05,0.0,neutral,1.0,77.75,0.0,15.0,60.0,50.4,blend,RSI가 과열 구간은 아닙니다. 현재가가 20일선 위에 있어 단기 추세가 양호합니다.,기대 수익보다 손실 위험이 더 큽니다.,0,0,,1,
33,315.32,316.2200012207031,-0.28,2.17,8.14,298.1,297.73,272.1,62.94,4.62,1.91,2.72,2.734680865731005,8.95,2.84,34109200.0,64553610.0,0.53,0.11418899951887969,1826039800.0,316.22,316.22,316.2200012207031,275.15,263.16,True,거래량 부족; 손익비 부족,298.1,316.22,337.69,0.29,7.09,5.78,0.05,54.52,2,"[12.77, 9.46, 13.62]",1.399,1.098,316.53,0.38,베이스 형성,True,275.23,주봉 상승 추세,risk_on,1.0,주요 지수가 단기 이동평균선 위에 있어 시장 분위기는 우호적입니다.,30,0,20,6,13,-5,-5,59,63,관찰 후보,False,,True,good,,0.0,0.0,501,poor,부적합,기대 수익보다 손실 위험이 더 큽니다.,손익비가 1.0 미만이라 후보 적합성이 낮습니다.,VCP 베이스 형성,81.08,,True,2026-07-10,False,"['현재가가 20일선과 50일선 위에 있어 단기 추세가 양호합니다.', '20일 이동평균선이 50일 이동평균선 위에 있어 상승 추세가 유지되고 있습니다.', 'RSI가 45~65 구간에 있어 과열 부담이 크지 않습니다.', 'MACD가 시그널선 위에 있어 모멘텀이 개선되고 있습니다.']","['거래량이 20일 평균보다 낮아 돌파 신뢰도가 약할 수 있습니다.', '손익비가 1.2 미만이라 매매 조건의 질이 낮습니다.']","VCP base 유형이며 점수는 63점, 손익비는 0.05입니다.",AAPL,us,combined,Apple Inc.,,Information Technology,nasdaq100;sp500,상승 우위,주요 지수가 단기 이동평균선 위에 있어 시장 분위기는 우호적입니다.,1.59,True,True,True,316.22,314.72,315.32,-0.28,-0.47,0.19,5.78,5.91,,63.0,65.0,2.0,0.0,real,good,,True,,,19000054655.86,False,손익비 기준 미달: 0.05 < 1.20,27.9,proxy,weak,0.11,0.28,1.43,0.05,0.0,top,0.6,99.21,7.0,12.5,65.0,50.2,blend,RSI가 과열 구간은 아닙니다. 현재가가 20일선 위에 있어 단기 추세가 양호합니다.,기대 수익보다 손실 위험이 더 큽니다.,0,0,,2,
34,19.48,19.18000030517578,1.56,-1.77,7.92,18.84,17.94,17.02,62.83,0.48,0.46,0.02,0.028668978796690725,0.42,2.13,9451500.0,19918335.0,0.47,0.050664600297842005,804741500.0,19.83,19.83,21.824995040893555,17.86,16.83,True,거래량 부족; 손익비 부족,18.84,19.83,20.52,1.8,5.33,3.39,0.53,53.06,1,"[4.92, 8.08, 11.3]",0.848,0.877,20.13,3.34,베이스 형성,True,17.64,주봉 상승 추세,risk_on,1.0,주요 지수가 단기 이동평균선 위에 있어 시장 분위기는 우호적입니다.,30,0,15,6,12,-5,-5,53,53,관찰 후보,False,,True,good,,0.0,0.0,501,poor,부적합,기대 수익보다 손실 위험이 더 큽니다.,손익비가 1.0 미만이라 후보 적합성이 낮습니다.,VCP 베이스 형성,28.19,,True,2026-07-10,False,"['현재가가 20일선과 50일선 위에 있어 단기 추세가 양호합니다.', '20일 이동평균선이 50일 이동평균선 위에 있어 상승 추세가 유지되고 있습니다.', 'RSI가 45~65 구간에 있어 과열 부담이 크지 않습니다.', 'MACD가 시그널선 위에 있어 모멘텀이 개선되고 있습니다.']","['거래량이 20일 평균보다 낮아 돌파 신뢰도가 약할 수 있습니다.', '손익비가 1.2 미만이라 매매 조건의 질이 낮습니다.']","VCP base 유형이며 점수는 53점, 손익비는 0.53입니다.",KVUE,us,combined,Kenvue,,Consumer Staples,sp500,상승 우위,주요 지수가 단기 이동평균선 위에 있어 시장 분위기는 우호적입니다.,1.59,True,True,True,19.18,19.25,19.48,1.56,0.36,1.19,3.39,8.59,,53.0,55.0,2.0,0.0,real,good,,True,,,374622004.88,False,손익비 기준 미달: 0.53 < 1.20,42.8,proxy,neutral,0.05,0.46,1.01,0.0,0.0,neutral,1.0,71.45,0.0,12.5,55.0,50.1,blend,RSI가 과열 구간은 아닙니다. 현재가가 20일선 위에 있어 단기 추세가 양호합니다.,기대 수익보다 손실 위험이 더 큽니다.,0,0,,0,
35,338.92,337.4800109863281,0.43,-0.99,11.72,323.32,308.46,291.56,68.92,10.23,9.04,1.19,1.6601213072313374,7.4,2.18,1074500.0,2187270.0,0.49,0.15696786027595575,53639300.0,343.73,343.73,343.7300109863281,303.9,287.73,True,거래량 부족; 손익비 부족,324.12,343.73,357.42,1.42,5.46,4.57,0.31,42.89,1,"[6.16, 7.35, 14.98]",0.976,0.985,349.35,3.08,해당없음,True,298.67,주봉 상승 추세,risk_on,1.0,주요 지수가 단기 이동평균선 위에 있어 시장 분위기는 우호적입니다.,30,0,11,6,15,-5,-5,52,54,관찰 후보,False,,True,good,,0.0,0.0,501,poor,부적합,기대 수익보다 손실 위험이 더 큽니다.,손익비가 1.0 미만이라 후보 적합성이 낮습니다.,신고가 근접,65.25,,True,2026-07-10,False,"['현재가가 20일선과 50일선 위에 있어 단기 추세가 양호합니다.', '20일 이동평균선이 50일 이동평균선 위에 있어 상승 추세가 유지되고 있습니다.', 'MACD가 시그널선 위에 있어 모멘텀이 개선되고 있습니다.']","['거래량이 20일 평균보다 낮아 돌파 신뢰도가 약할 수 있습니다.', '손익비가 1.2 미만이라 매매 조건의 질이 낮습니다.']","신고가 근접 유형이며 점수는 54점, 손익비는 0.31입니다.",TRV,us,combined,Travelers Companies (The),,Financials,sp500,상승 우위,주요 지수가 단기 이동평균선 위에 있어 시장 분위기는 우호적입니다.,1.59,True,True,True,337.48,337.38,338.92,0.43,-0.03,0.46,4.83,9.87,,54.0,56.0,2.0,0.0,real,good,,True,,,699254176.12,False,손익비 기준 미달: 0.31 < 1.20,41.2,proxy,neutral,0.16,0.57,1.49,0.0,0.0,top,0.6,95.04,0.0,12.5,56.0,50.1,blend,현재가가 20일선 위에 있어 단기 추세가 양호합니다.,기대 수익보다 손실 위험이 더 큽니다.,0,0,,0,
36,17.17,17.18000030517578,-0.06,0.7,2.99,16.87,16.59,16.46,55.71,0.13,0.11,0.03,0.02577417570228399,0.35,2.02,9755000.0,17917240.0,0.54,-0.057606891461204755,246230000.0,17.33,17.34,19.000072479248047,16.39,15.8,True,거래량 부족; 손익비 부족,16.87,17.33,17.34,0.93,0.99,1.76,0.53,69.88,2,"[8.88, 11.42, 6.25]",0.769,0.869,17.39,1.28,베이스 형성,True,16.8,주봉 상승 추세,risk_on,1.0,주요 지수가 단기 이동평균선 위에 있어 시장 분위기는 우호적입니다.,30,0,20,10,12,-5,-5,62,64,관찰 후보,False,,True,good,,0.0,0.0,501,poor,부적합,기대 수익보다 손실 위험이 더 큽니다.,손익비가 1.0 미만이라 후보 적합성이 낮습니다.,VCP 베이스 형성,67.18,,True,2026-07-10,False,"['현재가가 20일선과 50일선 위에 있어 단기 추세가 양호합니다.', '20일 이동평균선이 50일 이동평균선 위에 있어 상승 추세가 유지되고 있습니다.', 'RSI가 45~65 구간에 있어 과열 부담이 크지 않습니다.', 'MACD가 시그널선 위에 있어 모멘텀이 개선되고 있습니다.']","['거래량이 20일 평균보다 낮아 돌파 신뢰도가 약할 수 있습니다.', '손익비가 1.2 미만이라 매매 조건의 질이 낮습니다.']","VCP base 유형이며 점수는 64점, 손익비는 0.53입니다.",PCG,us,combined,PG&E Corporation,,Utilities,sp500,상승 우위,주요 지수가 단기 이동평균선 위에 있어 시장 분위기는 우호적입니다.,1.59,True,True,True,17.18,17.19,17.17,-0.06,0.06,-0.12,1.76,3.51,,64.0,66.0,2.0,0.0,real,good,,True,,,301420684.57,False,손익비 기준 미달: 0.53 < 1.20,26.1,proxy,weak,-0.06,0.16,1.13,0.0,0.0,neutral,1.0,70.18,0.0,10.0,66.0,50.0,blend,RSI가 과열 구간은 아닙니다. 현재가가 20일선 위에 있어 단기 추세가 양호합니다.,기대 수익보다 손실 위험이 더 큽니다.,0,0,,1,
37,227.63,225.85000610351562,0.79,4.59,-3.53,223.63,217.77,181.21,56.54,-0.42,-0.39,-0.03,-0.6796850181906613,6.32,2.78,2215700.0,1870285.0,1.18,-0.19292836263756058,49061200.0,247.76,248.73,248.72999572753906,215.51,188.94,True,점수 기준 미달,223.63,237.11,243.43,4.16,6.94,1.79,2.33,65.51,2,"[20.06, 25.54, 14.66]",0.807,0.71,248.94,9.36,베이스 형성,True,199.04,주봉 상승 추세,risk_on,1.0,주요 지수가 단기 이동평균선 위에 있어 시장 분위기는 우호적입니다.,30,6,17,4,2,10,0,69,72,관심 후보,False,,True,good,,0.0,0.0,501,good,양호,목표 수익 대비 손실 위험이 상대적으로 작습니다.,손익비 기준으로는 우호적인 후보입니다.,VCP 베이스 형성,84.75,,True,2026-07-10,False,"['현재가가 20일선과 50일선 위에 있어 단기 추세가 양호합니다.', '20일 이동평균선이 50일 이동평균선 위에 있어 상승 추세가 유지되고 있습니다.', 'RSI가 45~65 구간에 있어 과열 부담이 크지 않습니다.', '현재 거래량이 20일 평균 이상이거나 비슷한 수준이라 신호의 신뢰도를 보강합니다.', '손익비가 1.5 이상으로 단기 관찰 조건이 비교적 양호합니다.']","['규칙 기반의 주요 위험 신호는 크지 않지만, 시장 상황과 뉴스 리스크는 별도 확인이 필요합니다.']","VCP base 유형이며 점수는 72점, 손익비는 2.33입니다.",ODFL,us,combined,Old Dominion,,Industrials,nasdaq100;sp500,상승 우위,주요 지수가 단기 이동평균선 위에 있어 시장 분위기는 우호적입니다.,1.59,True,True,True,225.85,226.37,227.63,0.79,0.23,0.56,1.79,4.53,,72.0,74.0,2.0,0.0,real,good,,True,,,417913738.18,True,,13.7,proxy,outflow,-0.19,-0.17,1.03,0.05,0.0,neutral,1.0,82.85,0.0,5.0,74.0,49.9,blend,거래량이 충분합니다. RSI가 과열 구간은 아닙니다. 손절가 대비 목표가의 손익비가 양호합니다. 현재가가 20일선 위에 있어 단기 추세가 양호합니다.,목표 수익 대비 손실 위험이 상대적으로 작습니다.,0,0,,1,
38,121.31,118.30999755859375,2.54,8.05,2.49,117.61,113.37,85.38,58.17,0.5,0.86,-0.37,-0.877026903144315,3.87,3.19,26176100.0,25653635.0,1.02,0.032200463720127144,1488962500.0,121.38,129.52,129.51548767089844,111.79,82.05,True,손익비 부족,117.61,121.38,129.52,0.05,6.76,3.15,0.02,57.53,2,"[19.06, 23.84, 9.07]",1.02,0.902,122.43,0.92,베이스 형성,True,91.55,주봉 상승 추세,risk_on,1.0,주요 지수가 단기 이동평균선 위에 있어 시장 분위기는 우호적입니다.,30,6,20,4,8,-5,0,63,67,관심 후보,False,,True,good,,0.0,0.0,501,poor,부적합,기대 수익보다 손실 위험이 더 큽니다.,손익비가 1.0 미만이라 후보 적합성이 낮습니다.,VCP 베이스 형성,92.47,,True,2026-07-10,False,"['현재가가 20일선과 50일선 위에 있어 단기 추세가 양호합니다.', '20일 이동평균선이 50일 이동평균선 위에 있어 상승 추세가 유지되고 있습니다.', 'RSI가 45~65 구간에 있어 과열 부담이 크지 않습니다.', '현재 거래량이 20일 평균 이상이거나 비슷한 수준이라 신호의 신뢰도를 보강합니다.']",['손익비가 1.2 미만이라 매매 조건의 질이 낮습니다.'],"VCP base 유형이며 점수는 67점, 손익비는 0.02입니다.",CSCO,us,combined,Cisco,,Information Technology,nasdaq100;sp500,상승 우위,주요 지수가 단기 이동평균선 위에 있어 시장 분위기는 우호적입니다.,1.59,True,True,True,118.31,117.63,121.31,2.54,-0.57,3.13,3.15,7.0,,67.0,69.0,2.0,0.0,real,good,,True,,,3014125273.73,False,손익비 기준 미달: 0.02 < 1.20,20.9,proxy,outflow,0.03,-0.37,1.03,0.05,0.0,neutral,1.0,87.31,0.0,7.5,69.0,49.8,blend,거래량이 충분합니다. RSI가 과열 구간은 아닙니다. 현재가가 20일선 위에 있어 단기 추세가 양호합니다.,기대 수익보다 손실 위험이 더 큽니다.,0,0,,2,
39,92.7,92.0999984741211,0.65,0.16,12.37,87.58,86.49,94.38,65.46,2.03,1.39,0.64,0.7280854415104006,2.36,2.55,1203000.0,2506030.0,0.48,0.15337291591187172,-21525300.0,93.1,93.1,109.1680679321289,82.52,82.11,True,거래량 부족; 손익비 부족,87.97,93.1,98.61,0.43,6.37,5.37,0.08,0.0,0,[],0.0,0.0,94.30000305175781,0.0,해당없음,False,91.53,주봉 추세 미충족,risk_on,1.0,주요 지수가 단기 이동평균선 위에 있어 시장 분위기는 우호적입니다.,25,0,16,6,13,-5,-5,50,39,제외,False,,True,good,,0.0,0.0,501,poor,부적합,기대 수익보다 손실 위험이 더 큽니다.,손익비가 1.0 미만이라 후보 적합성이 낮습니다.,신고가 근접,22.59,,False,2026-07-10,False,"['현재가가 20일선과 50일선 위에 있어 단기 추세가 양호합니다.', '20일 이동평균선이 50일 이동평균선 위에 있어 상승 추세가 유지되고 있습니다.', 'MACD가 시그널선 위에 있어 모멘텀이 개선되고 있습니다.']","['거래량이 20일 평균보다 낮아 돌파 신뢰도가 약할 수 있습니다.', '손익비가 1.2 미만이라 매매 조건의 질이 낮습니다.']","신고가 근접 유형이며 점수는 39점, 손익비는 0.08입니다.",VLTO,us,combined,Veralto,,Industrials,sp500,상승 우위,주요 지수가 단기 이동평균선 위에 있어 시장 분위기는 우호적입니다.,1.59,True,True,True,92.1,92.72,92.7,0.65,0.67,-0.02,5.85,7.18,,39.0,41.0,2.0,0.0,real,good,,True,,,218456624.23,False,손익비 기준 미달: 0.08 < 1.20,62.3,proxy,inflow,0.15,0.54,1.18,0.05,0.0,neutral,1.0,39.14,0.0,15.0,41.0,49.5,blend,현재가가 20일선 위에 있어 단기 추세가 양호합니다.,기대 수익보다 손실 위험이 더 큽니다.,0,0,,1,
40,111.12,110.2699966430664,0.77,-2.52,3.27,109.98,107.91,104.13,54.53,1.25,1.22,0.03,0.12931631613017402,1.99,1.79,1343900.0,2427405.0,0.55,-0.03224177523047147,18494900.0,113.99,113.99,114.50089263916016,106.36,103.48,True,거래량 부족,109.98,113.99,116.09,2.58,4.48,1.04,2.49,67.92,2,"[6.95, 5.88, 8.3]",0.805,0.792,115.26,3.73,베이스 형성,True,107.29,주봉 상승 추세,risk_on,1.0,주요 지수가 단기 이동평균선 위에 있어 시장 분위기는 우호적입니다.,30,0,15,6,12,10,-5,68,64,관찰 후보,False,,True,good,,0.0,0.0,501,good,양호,목표 수익 대비 손실 위험이 상대적으로 작습니다.,손익비 기준으로는 우호적인 후보입니다.,VCP 베이스 형성,54.44,,True,2026-07-10,False,"['현재가가 20일선과 50일선 위에 있어 단기 추세가 양호합니다.', '20일 이동평균선이 50일 이동평균선 위에 있어 상승 추세가 유지되고 있습니다.', 'RSI가 45~65 구간에 있어 과열 부담이 크지 않습니다.', 'MACD가 시그널선 위에 있어 모멘텀이 개선되고 있습니다.', '손익비가 1.5 이상으로 단기 관찰 조건이 비교적 양호합니다.']",['거래량이 20일 평균보다 낮아 돌파 신뢰도가 약할 수 있습니다.'],"VCP base 유형이며 점수는 64점, 손익비는 2.49입니다.",ED,us,combined,Consolidated Edison,,Utilities,sp500,상승 우위,주요 지수가 단기 이동평균선 위에 있어 시장 분위기는 우호적입니다.,1.59,True,True,True,110.27,110.27,111.12,0.77,0.0,0.77,1.04,2.97,,64.0,66.0,2.0,0.0,real,good,,True,,,266052406.06,True,,24.2,proxy,outflow,-0.03,0.24,0.78,0.0,0.0,neutral,1.0,84.08,0.0,10.0,66.0,49.3,blend,RSI가 과열 구간은 아닙니다. 손절가 대비 목표가의 손익비가 양호합니다. 현재가가 20일선 위에 있어 단기 추세가 양호합니다.,목표 수익 대비 손실 위험이 상대적으로 작습니다.,0,0,,1,
41,191.84,189.4600067138672,1.26,-1.09,3.77,186.25,184.57,176.43,58.9,2.69,2.26,0.43,0.5212092399201644,3.75,1.95,924300.0,1134400.0,0.81,0.01993586449434305,-3530200.0,195.39,195.39,196.6977996826172,175.68,168.06,True,손익비 부족,186.25,195.39,201.2,1.85,4.88,3.0,0.62,59.93,2,"[10.15, 5.52, 12.15]",0.813,1.045,198.63,3.54,베이스 형성,True,176.17,주봉 상승 추세,risk_on,1.0,주요 지수가 단기 이동평균선 위에 있어 시장 분위기는 우호적입니다.,30,3,15,6,12,-5,0,61,60,관찰 후보,False,,True,good,,0.0,0.0,501,poor,부적합,기대 수익보다 손실 위험이 더 큽니다.,손익비가 1.0 미만이라 후보 적합성이 낮습니다.,VCP 베이스 형성,37.45,,True,2026-07-10,False,"['현재가가 20일선과 50일선 위에 있어 단기 추세가 양호합니다.', '20일 이동평균선이 50일 이동평균선 위에 있어 상승 추세가 유지되고 있습니다.', 'RSI가 45~65 구간에 있어 과열 부담이 크지 않습니다.', 'MACD가 시그널선 위에 있어 모멘텀이 개선되고 있습니다.']","['거래량이 20일 평균보다 낮아 돌파 신뢰도가 약할 수 있습니다.', '손익비가 1.2 미만이라 매매 조건의 질이 낮습니다.']","VCP base 유형이며 점수는 60점, 손익비는 0.62입니다.",AVB,us,combined,AvalonBay Communities,,Real Estate,sp500,상승 우위,주요 지수가 단기 이동평균선 위에 있어 시장 분위기는 우호적입니다.,1.59,True,True,True,189.46,190.25,191.84,1.26,0.42,0.84,3.0,3.94,,60.0,62.0,2.0,0.0,real,good,,True,,,209671430.34,False,손익비 기준 미달: 0.62 < 1.20,30.2,proxy,weak,0.02,0.38,0.69,0.0,0.0,neutral,1.0,87.59,0.0,12.5,62.0,49.3,blend,RSI가 과열 구간은 아닙니다. 현재가가 20일선 위에 있어 단기 추세가 양호합니다.,기대 수익보다 손실 위험이 더 큽니다.,0,0,,0,
42,242.34,237.94000244140625,1.85,1.45,8.22,234.19,221.49,206.59,65.81,5.38,5.54,-0.16,-0.2980488286908809,4.48,1.85,1392700.0,1153100.0,1.21,0.11038793138020725,36015900.0,242.34,242.34,242.33999633789062,225.12,202.66,True,손익비 부족,234.19,249.06,253.53,2.77,4.62,3.48,0.8,55.08,2,"[7.67, 11.8, 8.52]",0.986,1.002,243.57,0.51,베이스 형성,True,215.7,주봉 상승 추세,risk_on,1.0,주요 지수가 단기 이동평균선 위에 있어 시장 분위기는 우호적입니다.,30,10,16,4,12,-5,0,67,64,관찰 후보,False,,True,good,,0.0,0.0,501,poor,부적합,기대 수익보다 손실 위험이 더 큽니다.,손익비가 1.0 미만이라 후보 적합성이 낮습니다.,VCP 베이스 형성,62.16,,True,2026-07-10,False,"['현재가가 20일선과 50일선 위에 있어 단기 추세가 양호합니다.', '20일 이동평균선이 50일 이동평균선 위에 있어 상승 추세가 유지되고 있습니다.', '현재 거래량이 20일 평균 이상이거나 비슷한 수준이라 신호의 신뢰도를 보강합니다.']",['손익비가 1.2 미만이라 매매 조건의 질이 낮습니다.'],"VCP base 유형이며 점수는 64점, 손익비는 0.8입니다.",MTB,us,combined,M&T Bank,,Financials,sp500,상승 우위,주요 지수가 단기 이동평균선 위에 있어 시장 분위기는 우호적입니다.,1.59,True,True,True,237.94,239.15,242.34,1.85,0.51,1.33,3.48,9.42,,64.0,66.0,2.0,0.0,real,good,,True,,,269083403.33,False,손익비 기준 미달: 0.80 < 1.20,24.0,proxy,outflow,0.11,0.21,0.84,0.0,0.0,top,0.6,100.0,0.0,7.5,66.0,49.2,blend,거래량이 충분합니다. 현재가가 20일선 위에 있어 단기 추세가 양호합니다.,기대 수익보다 손실 위험이 더 큽니다.,0,0,,0,
43,148.62,146.88999938964844,1.18,-0.21,15.12,142.88,138.41,130.64,59.59,3.09,2.83,0.27,0.2533130750063979,4.7,3.16,2635800.0,3783885.0,0.7,0.09269747092004164,170210900.0,148.93,148.93,148.92999267578125,130.87,129.1,True,거래량 부족; 손익비 부족,142.88,148.93,160.37,0.21,7.9,4.02,0.05,61.92,2,"[8.93, 7.13, 15.29]",0.882,0.938,150.19,1.06,베이스 형성,True,134.18,주봉 상승 추세,risk_on,1.0,주요 지수가 단기 이동평균선 위에 있어 시장 분위기는 우호적입니다.,30,0,15,10,15,-5,-5,60,60,관찰 후보,False,,True,good,,0.0,0.0,501,poor,부적합,기대 수익보다 손실 위험이 더 큽니다.,손익비가 1.0 미만이라 후보 적합성이 낮습니다.,VCP 베이스 형성,39.19,,True,2026-07-10,False,"['현재가가 20일선과 50일선 위에 있어 단기 추세가 양호합니다.', '20일 이동평균선이 50일 이동평균선 위에 있어 상승 추세가 유지되고 있습니다.', 'RSI가 45~65 구간에 있어 과열 부담이 크지 않습니다.', 'MACD가 시그널선 위에 있어 모멘텀이 개선되고 있습니다.']","['거래량이 20일 평균보다 낮아 돌파 신뢰도가 약할 수 있습니다.', '손익비가 1.2 미만이라 매매 조건의 질이 낮습니다.']","VCP base 유형이며 점수는 60점, 손익비는 0.05입니다.",ABNB,us,combined,Airbnb,,Consumer Discretionary,nasdaq100;sp500,상승 우위,주요 지수가 단기 이동평균선 위에 있어 시장 분위기는 우호적입니다.,1.59,True,True,True,146.89,147.02,148.62,1.18,0.09,1.09,4.02,7.38,,60.0,62.0,2.0,0.0,real,good,,True,,,540235334.97,False,손익비 기준 미달: 0.05 < 1.20,29.9,proxy,weak,0.09,0.3,1.24,0.05,0.0,top,0.6,99.17,0.0,10.0,62.0,49.2,blend,RSI가 과열 구간은 아닙니다. 현재가가 20일선 위에 있어 단기 추세가 양호합니다.,기대 수익보다 손실 위험이 더 큽니다.,0,0,,0,
44,472.12,467.4800109863281,0.99,0.09,7.28,470.86,454.7,400.45,52.91,5.69,7.79,-2.1,-2.20005360493845,15.13,3.21,565000.0,916970.0,0.62,0.15293015749662633,13904300.0,495.08,495.08,495.0799865722656,456.36,396.18,True,거래량 부족,470.86,494.82,495.08,4.81,4.86,0.27,17.98,48.32,2,"[14.82, 10.53, 11.11]",1.471,1.111,497.36,5.35,베이스 형성,True,415.45,주봉 상승 추세,risk_on,1.0,주요 지수가 단기 이동평균선 위에 있어 시장 분위기는 우호적입니다.,30,0,20,4,2,10,-13,53,57,관찰 후보,False,,True,good,,0.0,0.0,501,good,양호,목표 수익 대비 손실 위험이 상대적으로 작습니다.,손익비 기준으로는 우호적인 후보입니다.,VCP 베이스 형성,78.96,,True,2026-07-10,False,"['현재가가 20일선과 50일선 위에 있어 단기 추세가 양호합니다.', '20일 이동평균선이 50일 이동평균선 위에 있어 상승 추세가 유지되고 있습니다.', 'RSI가 45~65 구간에 있어 과열 부담이 크지 않습니다.', '손익비가 1.5 이상으로 단기 관찰 조건이 비교적 양호합니다.']",['거래량이 20일 평균보다 낮아 돌파 신뢰도가 약할 수 있습니다.'],"VCP base 유형이며 점수는 57점, 손익비는 17.98입니다.",ROK,us,combined,Rockwell Automation,,Industrials,sp500,상승 우위,주요 지수가 단기 이동평균선 위에 있어 시장 분위기는 우호적입니다.,1.59,True,True,True,467.48,466.87,472.12,0.99,-0.13,1.12,0.27,3.83,,57.0,59.0,2.0,0.0,real,good,,True,,,433526697.72,True,,34.2,proxy,weak,0.15,-0.14,0.57,0.1,0.0,neutral,1.0,86.57,0.0,5.0,59.0,49.1,blend,RSI가 과열 구간은 아닙니다. 손절가 대비 목표가의 손익비가 양호합니다. 현재가가 20일선 위에 있어 단기 추세가 양호합니다.,목표 수익 대비 손실 위험이 상대적으로 작습니다.,0,0,,1,
45,199.05,195.97999572753906,1.57,0.57,8.62,187.92,179.87,203.24,63.73,4.52,3.86,0.65,0.5207267800781441,5.81,2.92,3847600.0,4075590.0,0.94,0.17897293215919707,-17232700.0,199.05,199.05,241.03509521484375,176.8,161.57,True,손익비 부족,187.92,207.76,213.56,4.37,7.29,5.92,0.74,0.0,0,[],0.0,0.0,200.0849052733809,0.0,해당없음,False,198.31,주봉 추세 미충족,risk_on,1.0,주요 지수가 단기 이동평균선 위에 있어 시장 분위기는 우호적입니다.,25,3,20,10,13,-5,0,66,51,관찰 후보,False,,True,good,,0.0,0.0,501,poor,부적합,기대 수익보다 손실 위험이 더 큽니다.,손익비가 1.0 미만이라 후보 적합성이 낮습니다.,신고가 근접,30.31,,False,2026-07-10,False,"['현재가가 20일선과 50일선 위에 있어 단기 추세가 양호합니다.', '20일 이동평균선이 50일 이동평균선 위에 있어 상승 추세가 유지되고 있습니다.', 'RSI가 45~65 구간에 있어 과열 부담이 크지 않습니다.', 'MACD가 시그널선 위에 있어 모멘텀이 개선되고 있습니다.']","['거래량이 20일 평균보다 낮아 돌파 신뢰도가 약할 수 있습니다.', '손익비가 1.2 미만이라 매매 조건의 질이 낮습니다.']","신고가 근접 유형이며 점수는 51점, 손익비는 0.74입니다.",DHR,us,combined,Danaher Corporation,,Health Care,sp500,상승 우위,주요 지수가 단기 이동평균선 위에 있어 시장 분위기는 우호적입니다.,1.59,True,True,True,195.98,197.58,199.05,1.57,0.82,0.74,5.92,10.67,,51.0,53.0,2.0,0.0,real,good,,True,,,766340817.05,False,손익비 기준 미달: 0.74 < 1.20,43.3,proxy,neutral,0.18,0.35,1.09,0.0,0.3,neutral,1.0,47.16,0.0,5.0,53.0,49.1,blend,RSI가 과열 구간은 아닙니다. 현재가가 20일선 위에 있어 단기 추세가 양호합니다.,기대 수익보다 손실 위험이 더 큽니다.,0,0,,1,
46,485.39,496.5,-2.24,-8.08,11.4,482.04,454.37,446.88,53.12,15.62,16.03,-0.41,1.7447194494491498,16.78,3.46,1430200.0,2068665.0,0.69,0.11414061263535906,13426600.0,529.59,529.59,529.5900268554688,444.93,423.24,True,거래량 부족,482.04,510.55,527.33,5.18,8.64,0.7,7.45,45.0,2,"[9.24, 8.03, 18.45]",1.866,1.428,533.67,9.95,베이스 형성,True,457.95,주봉 상승 추세,risk_on,1.0,주요 지수가 단기 이동평균선 위에 있어 시장 분위기는 우호적입니다.,30,0,15,0,2,10,-5,52,51,관찰 후보,False,,True,good,,0.0,0.0,501,good,양호,목표 수익 대비 손실 위험이 상대적으로 작습니다.,손익비 기준으로는 우호적인 후보입니다.,VCP 베이스 형성,32.05,,True,2026-07-10,False,"['현재가가 20일선과 50일선 위에 있어 단기 추세가 양호합니다.', '20일 이동평균선이 50일 이동평균선 위에 있어 상승 추세가 유지되고 있습니다.', 'RSI가 45~65 구간에 있어 과열 부담이 크지 않습니다.', '손익비가 1.5 이상으로 단기 관찰 조건이 비교적 양호합니다.']",['거래량이 20일 평균보다 낮아 돌파 신뢰도가 약할 수 있습니다.'],"VCP base 유형이며 점수는 51점, 손익비는 7.45입니다.",VRTX,us,combined,Vertex Pharmaceuticals,,Health Care,nasdaq100;sp500,상승 우위,주요 지수가 단기 이동평균선 위에 있어 시장 분위기는 우호적입니다.,1.59,True,True,True,496.5,498.15,485.39,-2.24,0.33,-2.56,0.7,6.83,,51.0,53.0,2.0,0.0,real,good,,True,,,1003744547.2,True,,42.9,proxy,neutral,0.11,0.55,1.12,0.05,0.0,neutral,1.0,72.89,0.0,5.0,53.0,49.0,blend,RSI가 과열 구간은 아닙니다. 손절가 대비 목표가의 손익비가 양호합니다. 현재가가 20일선 위에 있어 단기 추세가 양호합니다.,목표 수익 대비 손실 위험이 상대적으로 작습니다.,0,0,,1,
47,286.96,285.0400085449219,0.67,1.67,7.46,271.43,268.32,243.95,68.34,5.31,3.44,1.87,1.869151907937872,5.38,1.88,1876200.0,2633170.0,0.71,0.046872007931165846,107314800.0,286.96,286.96,286.9599914550781,256.88,246.75,True,손익비 부족,276.2,295.03,300.41,2.81,4.69,3.9,0.72,70.95,2,"[10.16, 7.04, 11.66]",0.885,0.715,285.79,-0.41,베이스 형성,True,252.65,주봉 상승 추세,risk_on,1.0,주요 지수가 단기 이동평균선 위에 있어 시장 분위기는 우호적입니다.,30,0,16,10,13,-5,0,64,64,관찰 후보,False,,True,good,,0.0,0.0,501,poor,부적합,기대 수익보다 손실 위험이 더 큽니다.,손익비가 1.0 미만이라 후보 적합성이 낮습니다.,VCP 베이스 형성,63.9,,True,2026-07-10,False,"['현재가가 20일선과 50일선 위에 있어 단기 추세가 양호합니다.', '20일 이동평균선이 50일 이동평균선 위에 있어 상승 추세가 유지되고 있습니다.', 'MACD가 시그널선 위에 있어 모멘텀이 개선되고 있습니다.']","['거래량이 20일 평균보다 낮아 돌파 신뢰도가 약할 수 있습니다.', '손익비가 1.2 미만이라 매매 조건의 질이 낮습니다.']","VCP base 유형이며 점수는 64점, 손익비는 0.72입니다.",UNP,us,combined,Union Pacific Corporation,,Industrials,sp500,상승 우위,주요 지수가 단기 이동평균선 위에 있어 시장 분위기는 우호적입니다.,1.59,True,True,True,285.04,285.04,286.96,0.67,0.0,0.67,5.72,6.95,,64.0,66.0,2.0,0.0,real,good,,True,,,711172342.63,False,손익비 기준 미달: 0.72 < 1.20,23.6,proxy,outflow,0.05,0.38,0.9,0.0,0.3,top,0.6,100.0,8.0,12.5,66.0,49.0,blend,현재가가 20일선 위에 있어 단기 추세가 양호합니다.,기대 수익보다 손실 위험이 더 큽니다.,0,0,,1,
48,151.94,150.85000610351562,0.72,-3.88,2.81,149.61,147.49,152.55,52.72,1.65,1.52,0.13,0.29474378625472863,4.43,2.92,1048200.0,2832775.0,0.37,0.1331791652009945,-122327145.0,158.08,158.08,182.9239501953125,140.71,140.71,True,거래량 부족,149.61,158.08,163.02,4.04,7.29,1.56,2.6,0.0,0,[],0.0,0.0,159.49000549316406,0.0,해당없음,False,155.46,주봉 추세 미충족,risk_on,1.0,주요 지수가 단기 이동평균선 위에 있어 시장 분위기는 우호적입니다.,25,0,15,6,2,10,-5,53,44,제외,False,,True,good,,0.0,0.0,501,good,양호,목표 수익 대비 손실 위험이 상대적으로 작습니다.,손익비 기준으로는 우호적인 후보입니다.,관찰 패턴,52.12,,False,2026-07-10,False,"['현재가가 20일선과 50일선 위에 있어 단기 추세가 양호합니다.', '20일 이동평균선이 50일 이동평균선 위에 있어 상승 추세가 유지되고 있습니다.', 'RSI가 45~65 구간에 있어 과열 부담이 크지 않습니다.', 'MACD가 시그널선 위에 있어 모멘텀이 개선되고 있습니다.', '손익비가 1.5 이상으로 단기 관찰 조건이 비교적 양호합니다.']",['거래량이 20일 평균보다 낮아 돌파 신뢰도가 약할 수 있습니다.'],"관찰 패턴 유형이며 점수는 44점, 손익비는 2.6입니다.",BDX,us,combined,Becton Dickinson,,Health Care,sp500,상승 우위,주요 지수가 단기 이동평균선 위에 있어 시장 분위기는 우호적입니다.,1.59,True,True,True,150.85,150.52,151.94,0.72,-0.22,0.94,1.56,3.02,,44.0,42.0,-2.0,0.0,real,good,,True,,,424519784.19,True,,59.2,proxy,neutral,0.13,0.44,1.57,0.05,0.0,neutral,1.0,38.8,0.0,7.5,42.0,48.9,blend,RSI가 과열 구간은 아닙니다. 손절가 대비 목표가의 손익비가 양호합니다. 현재가가 20일선 위에 있어 단기 추세가 양호합니다.,목표 수익 대비 손실 위험이 상대적으로 작습니다.,0,0,,1,
49,84.4,83.86000061035156,0.64,-2.35,7.04,82.88,77.62,74.76,59.68,2.04,2.19,-0.15,-0.06453716687617828,2.05,2.43,1156500.0,1330340.0,0.87,0.15236780258473345,47069900.0,86.84,86.84,86.83999633789062,78.67,68.99,True,점수 기준 미달,82.88,86.84,89.53,2.89,6.07,1.83,1.58,55.84,2,"[15.29, 15.23, 10.37]",0.885,1.007,87.72,3.93,베이스 형성,True,77.54,주봉 상승 추세,risk_on,1.0,주요 지수가 단기 이동평균선 위에 있어 시장 분위기는 우호적입니다.,30,3,15,0,12,6,0,66,64,관찰 후보,False,,True,good,,0.0,0.0,501,normal,무난,손익비는 무난한 편입니다.,목표가와 손절가의 균형이 보통 수준입니다.,VCP 베이스 형성,51.54,,True,2026-07-10,False,"['현재가가 20일선과 50일선 위에 있어 단기 추세가 양호합니다.', '20일 이동평균선이 50일 이동평균선 위에 있어 상승 추세가 유지되고 있습니다.', 'RSI가 45~65 구간에 있어 과열 부담이 크지 않습니다.', '손익비가 1.5 이상으로 단기 관찰 조건이 비교적 양호합니다.']",['거래량이 20일 평균보다 낮아 돌파 신뢰도가 약할 수 있습니다.'],"VCP base 유형이며 점수는 64점, 손익비는 1.58입니다.",HSIC,us,combined,Henry Schein,,Health Care,sp500,상승 우위,주요 지수가 단기 이동평균선 위에 있어 시장 분위기는 우호적입니다.,1.59,True,True,True,83.86,84.22,84.4,0.64,0.43,0.21,1.83,8.73,,64.0,66.0,2.0,0.0,real,good,,True,,,110403240.39,True,,22.7,proxy,outflow,0.15,0.28,1.01,0.1,0.0,top,0.6,90.17,8.0,7.5,66.0,48.7,blend,RSI가 과열 구간은 아닙니다. 손절가 대비 목표가의 손익비가 양호합니다. 현재가가 20일선 위에 있어 단기 추세가 양호합니다.,손익비는 무난한 편입니다.,0,0,,1,
50,39.73,39.689998626708984,0.1,-3.31,1.04,39.4,38.26,36.08,54.7,0.64,0.68,-0.04,0.01815032652429882,0.76,1.91,2181100.0,3795330.0,0.57,-0.03655030596158355,-45824900.0,41.24,41.24,41.2400016784668,37.56,34.25,True,거래량 부족,39.4,40.87,41.24,2.86,3.8,0.85,3.38,72.26,2,"[9.53, 8.33, 11.57]",0.611,0.867,42.0,5.71,베이스 형성,True,36.71,주봉 상승 추세,risk_on,1.0,주요 지수가 단기 이동평균선 위에 있어 시장 분위기는 우호적입니다.,30,0,15,0,2,10,-5,52,57,관찰 후보,False,,True,good,,0.0,0.0,501,good,양호,목표 수익 대비 손실 위험이 상대적으로 작습니다.,손익비 기준으로는 우호적인 후보입니다.,VCP 베이스 형성,43.63,,True,2026-07-10,False,"['현재가가 20일선과 50일선 위에 있어 단기 추세가 양호합니다.', '20일 이동평균선이 50일 이동평균선 위에 있어 상승 추세가 유지되고 있습니다.', 'RSI가 45~65 구간에 있어 과열 부담이 크지 않습니다.', '손익비가 1.5 이상으로 단기 관찰 조건이 비교적 양호합니다.']",['거래량이 20일 평균보다 낮아 돌파 신뢰도가 약할 수 있습니다.'],"VCP base 유형이며 점수는 57점, 손익비는 3.38입니다.",UDR,us,combined,"UDR, Inc.",,Real Estate,sp500,상승 우위,주요 지수가 단기 이동평균선 위에 있어 시장 분위기는 우호적입니다.,1.59,True,True,True,39.69,39.89,39.73,0.1,0.5,-0.4,0.85,3.85,,57.0,59.0,2.0,0.0,real,good,,True,,,148505420.69,True,,32.9,proxy,weak,-0.04,0.23,0.87,0.0,0.0,neutral,1.0,82.2,0.0,12.5,59.0,48.6,blend,RSI가 과열 구간은 아닙니다. 손절가 대비 목표가의 손익비가 양호합니다. 현재가가 20일선 위에 있어 단기 추세가 양호합니다.,목표 수익 대비 손실 위험이 상대적으로 작습니다.,0,0,,0,
